<?xml version="1.0" encoding="UTF-8"?>
<kml xmlns="http://www.opengis.net/kml/2.2" xmlns:gx="http://www.google.com/kml/ext/2.2">
<Document>
  <name>Flight 9/17/2026 02:07 PM</name>
  <description><![CDATA[Distance 121.4 km · Duration 2m 43s · Max altitude 2839 m · Top speed 5673 km/h · 1079 track points. Recorded in the Google Earth flight simulator.]]></description>
  <Style id="routeLine">
    <LineStyle><color>ff2fd2ff</color><width>3</width></LineStyle>
    <PolyStyle><color>332fd2ff</color></PolyStyle>
  </Style>
  <Style id="ptStart"><IconStyle><color>ff4fd35a</color><scale>1.1</scale>
    <Icon><href>http://maps.google.com/mapfiles/kml/shapes/airports.png</href></Icon></IconStyle></Style>
  <Style id="ptEnd"><IconStyle><color>ff4f4fff</color><scale>1.1</scale>
    <Icon><href>http://maps.google.com/mapfiles/kml/shapes/flag.png</href></Icon></IconStyle></Style>
  <Placemark>
    <name>Route</name>
    <styleUrl>#routeLine</styleUrl>
    <LineString>
      <extrude>1</extrude>
      <tessellate>1</tessellate>
      <altitudeMode>absolute</altitudeMode>
      <coordinates>-70.7098430,-47.8754075,1695.3 -70.7103783,-47.8752890,1695.3 -70.7107454,-47.8752077,1695.3 -70.7113351,-47.8750772,1695.3 -70.7120512,-47.8749186,1695.3 -70.7126212,-47.8747924,1695.3 -70.7133414,-47.8746329,1695.3 -70.7139357,-47.8745013,1695.3 -70.7146039,-47.8743534,1695.3 -70.7152553,-47.8742091,1695.4 -70.7160488,-47.8740334,1695.4 -70.7167007,-47.8738890,1695.4 -70.7173829,-47.8737379,1695.4 -70.7181693,-47.8735638,1695.4 -70.7189923,-47.8733815,1695.4 -70.7196058,-47.8732456,1695.4 -70.7205482,-47.8730368,1695.4 -70.7213632,-47.8728563,1695.4 -70.7221564,-47.8726806,1695.5 -70.7228505,-47.8725269,1695.5 -70.7238468,-47.8723061,1695.5 -70.7246706,-47.8721236,1695.5 -70.7254345,-47.8719544,1695.5 -70.7261265,-47.8718011,1695.5 -70.7272709,-47.8715475,1695.6 -70.7281617,-47.8713501,1695.6 -70.7289462,-47.8711763,1695.6 -70.7299957,-47.8709437,1695.6 -70.7308573,-47.8707528,1695.7 -70.7317345,-47.8705583,1695.7 -70.7325209,-47.8703841,1695.7 -70.7336134,-47.8701419,1695.7 -70.7345746,-47.8699289,1695.8 -70.7355605,-47.8697103,1695.8 -70.7364654,-47.8695097,1695.8 -70.7377734,-47.8692198,1695.9 -70.7387593,-47.8690012,1695.9 -70.7394826,-47.8688408,1695.9 -70.7406486,-47.8685823,1696.0 -70.7416562,-47.8683589,1696.0 -70.7426918,-47.8681293,1696.0 -70.7438222,-47.8678786,1696.1 -70.7446989,-47.8676842,1696.1 -70.7457563,-47.8674497,1696.2 -70.7468632,-47.8672042,1696.2 -70.7480200,-47.8669477,1696.3 -70.7490272,-47.8667242,1696.3 -70.7501860,-47.8664672,1696.4 -70.7513128,-47.8662173,1696.4 -70.7521613,-47.8660290,1696.5 -70.7533453,-47.8657664,1696.5 -70.7544689,-47.8655171,1696.6 -70.7557044,-47.8652430,1696.6 -70.7566680,-47.8650291,1696.7 -70.7580420,-47.8647243,1696.8 -70.7591388,-47.8644809,1696.8 -70.7602941,-47.8642245,1696.9 -70.7614589,-47.8639660,1696.9 -70.7625083,-47.8637331,1697.0 -70.7636790,-47.8634732,1697.1 -70.7648370,-47.8632162,1697.1 -70.7661343,-47.8629282,1697.2 -70.7671394,-47.8627051,1697.3 -70.7684244,-47.8624198,1697.4 -70.7696225,-47.8621538,1697.4 -70.7709266,-47.8618642,1697.5 -70.7722027,-47.8615809,1697.6 -70.7731460,-47.8613714,1697.7 -70.7743851,-47.8610962,1697.8 -70.7756056,-47.8608252,1697.8 -70.7769083,-47.8605359,1697.9 -70.7780710,-47.8602776,1698.0 -70.7794183,-47.8599784,1698.1 -70.7807026,-47.8596931,1698.2 -70.7817553,-47.8594592,1698.3 -70.7830680,-47.8591676,1698.4 -70.7844577,-47.8588588,1698.5 -70.7857199,-47.8585784,1698.6 -70.7868166,-47.8583347,1698.7 -70.7881972,-47.8580279,1698.8 -70.7894585,-47.8577476,1698.9 -70.7907603,-47.8574583,1699.0 -70.7919443,-47.8571951,1699.1 -70.7931994,-47.8569161,1699.2 -70.7944709,-47.8566335,1699.3 -70.7957756,-47.8563435,1699.5 -70.7971156,-47.8560456,1699.6 -70.7981821,-47.8558085,1699.7 -70.7995750,-47.8554988,1699.8 -70.8010991,-47.8551599,1700.0 -70.8024385,-47.8548621,1700.1 -70.8035158,-47.8546225,1700.2 -70.8048045,-47.8543359,1700.3 -70.8061269,-47.8540418,1700.4 -70.8074569,-47.8537460,1700.6 -70.8087731,-47.8534532,1700.7 -70.8100792,-47.8531627,1700.9 -70.8115074,-47.8528449,1701.0 -70.8129344,-47.8525275,1701.2 -70.8143206,-47.8522190,1701.3 -70.8154476,-47.8519683,1701.4 -70.8166286,-47.8517055,1701.6 -70.8183357,-47.8513256,1701.7 -70.8194609,-47.8510752,1701.9 -70.8208188,-47.8507730,1702.0 -70.8221445,-47.8504779,1702.2 -70.8235770,-47.8501590,1702.3 -70.8250322,-47.8498351,1702.5 -70.8261144,-47.8495942,1702.6 -70.8275410,-47.8492766,1702.8 -70.8288818,-47.8489780,1703.0 -70.8307497,-47.8485621,1703.2 -70.8314801,-47.8483995,1703.3 -70.8328374,-47.8480972,1703.5 -70.8345196,-47.8477226,1703.7 -70.8358372,-47.8474291,1703.9 -70.8368616,-47.8472010,1704.0 -70.8384312,-47.8468514,1704.2 -70.8399754,-47.8465074,1704.4 -70.8412225,-47.8462295,1704.6 -70.8424966,-47.8459457,1704.7 -70.8440523,-47.8455990,1704.9 -70.8456331,-47.8452468,1705.2 -70.8464867,-47.8450566,1705.3 -70.8483840,-47.8446338,1705.5 -70.8497330,-47.8443331,1705.7 -70.8510598,-47.8440374,1705.9 -70.8518266,-47.8438665,1706.0 -70.8537741,-47.8434324,1706.3 -70.8549237,-47.8431761,1706.5 -70.8565422,-47.8428153,1706.7 -70.8577599,-47.8425438,1706.9 -70.8593783,-47.8421829,1707.2 -70.8605554,-47.8419205,1707.3 -70.8621101,-47.8415738,1707.6 -70.8633402,-47.8412994,1707.8 -70.8648006,-47.8409737,1708.0 -70.8662790,-47.8406440,1708.2 -70.8678933,-47.8402839,1708.5 -70.8690943,-47.8400160,1708.7 -70.8704786,-47.8397072,1708.9 -70.8717772,-47.8394174,1709.1 -70.8732990,-47.8390779,1709.4 -70.8749514,-47.8387092,1709.6 -70.8762079,-47.8384288,1709.9 -70.8774646,-47.8381484,1710.1 -70.8789534,-47.8378161,1710.3 -70.8805402,-47.8374619,1710.6 -70.8818650,-47.8371662,1710.8 -70.8834727,-47.8368073,1711.1 -70.8846072,-47.8365541,1711.3 -70.8863323,-47.8361690,1711.6 -70.8875859,-47.8358891,1711.8 -70.8889420,-47.8355863,1712.1 -70.8898556,-47.8353823,1712.2 -70.8916999,-47.8349704,1712.6 -70.8933023,-47.8346125,1712.9 -70.8947099,-47.8342982,1713.1 -70.8959173,-47.8340285,1713.4 -70.8976179,-47.8336486,1713.7 -70.8993527,-47.8332611,1714.0 -70.9006188,-47.8329782,1714.2 -70.9013924,-47.8328054,1714.4 -70.9032999,-47.8323792,1714.8 -70.9045836,-47.8320923,1715.0 -70.9059262,-47.8317923,1715.3 -70.9077030,-47.8313952,1715.6 -70.9089744,-47.8311111,1715.9 -70.9103042,-47.8308139,1716.2 -70.9119582,-47.8304442,1716.5 -70.9133499,-47.8301330,1716.8 -70.9147457,-47.8298210,1717.1 -70.9163172,-47.8294697,1717.4 -70.9175936,-47.8291843,1717.6 -70.9190427,-47.8288603,1718.0 -70.9205617,-47.8285206,1718.3 -70.9218594,-47.8282304,1718.5 -70.9232303,-47.8279237,1718.8 -70.9244549,-47.8276499,1719.1 -70.9262770,-47.8272423,1719.5 -70.9276211,-47.8269416,1719.8 -70.9289527,-47.8266437,1720.1 -70.9306667,-47.8262603,1720.5 -70.9320369,-47.8259537,1720.8 -70.9334237,-47.8256434,1721.1 -70.9347454,-47.8253476,1721.4 -70.9364473,-47.8249668,1721.8 -70.9376916,-47.8246883,1722.0 -70.9392203,-47.8243462,1722.4 -70.9405945,-47.8240386,1722.7 -70.9425310,-47.8236051,1723.2 -70.9441316,-47.8232468,1723.5 -70.9455448,-47.8229304,1723.9 -70.9467783,-47.8226542,1724.2 -70.9485187,-47.8222645,1724.6 -70.9495383,-47.8220362,1724.8 -70.9512520,-47.8216524,1725.2 -70.9525796,-47.8213551,1725.5 -70.9538361,-47.8210737,1725.8 -70.9554745,-47.8207067,1726.2 -70.9563336,-47.8205142,1726.5 -70.9586219,-47.8200016,1727.0 -70.9596128,-47.8197796,1727.3 -70.9613725,-47.8193853,1727.7 -70.9627584,-47.8190748,1728.1 -70.9643118,-47.8187267,1728.5 -70.9653639,-47.8184910,1728.7 -70.9671836,-47.8180831,1729.2 -70.9682602,-47.8178418,1729.5 -70.9701369,-47.8174212,1730.0 -70.9713224,-47.8171555,1730.3 -70.9729157,-47.8167983,1730.7 -70.9745702,-47.8164273,1731.1 -70.9755381,-47.8162104,1731.4 -70.9770348,-47.8158748,1731.8 -70.9786663,-47.8155089,1732.2 -70.9793874,-47.8153472,1732.4 -70.9814600,-47.8148824,1733.0 -70.9826341,-47.8146191,1733.3 -70.9839346,-47.8143274,1733.6 -70.9857586,-47.8139182,1734.1 -70.9872255,-47.8135892,1734.5 -70.9886580,-47.8132678,1734.9 -70.9899352,-47.8129813,1735.3 -70.9913441,-47.8126652,1735.7 -70.9922967,-47.8124514,1735.9 -70.9943463,-47.8119915,1736.5 -70.9958394,-47.8116564,1736.9 -70.9976659,-47.8112465,1737.5 -70.9991912,-47.8109041,1737.9 -71.0011027,-47.8104750,1738.5 -71.0017090,-47.8103389,1738.6 -71.0037791,-47.8098742,1739.2 -71.0050844,-47.8095811,1739.6 -71.0066615,-47.8092270,1740.1 -71.0082628,-47.8088675,1740.6 -71.0097045,-47.8085437,1741.0 -71.0110501,-47.8082415,1741.4 -71.0133818,-47.8077178,1742.1 -71.0137912,-47.8076259,1742.2 -71.0150602,-47.8073408,1742.6 -71.0168139,-47.8069468,1743.1 -71.0184098,-47.8065883,1743.6 -71.0197170,-47.8062946,1744.0 -71.0213629,-47.8059248,1744.5 -71.0224076,-47.8056901,1744.9 -71.0239832,-47.8053360,1745.4 -71.0254944,-47.8049964,1745.8 -71.0273593,-47.8045772,1746.4 -71.0287303,-47.8042691,1746.8 -71.0301514,-47.8039497,1747.3 -71.0316425,-47.8036144,1747.8 -71.0330298,-47.8033026,1748.2 -71.0341315,-47.8030549,1748.6 -71.0353241,-47.8027867,1749.0 -71.0367081,-47.8024755,1749.4 -71.0383977,-47.8020956,1750.0 -71.0394777,-47.8018527,1750.3 -71.0412207,-47.8014607,1750.9 -71.0426445,-47.8011405,1751.3 -71.0441548,-47.8008008,1751.9 -71.0460223,-47.8003807,1752.5 -71.0471630,-47.8001241,1752.9 -71.0492941,-47.7996446,1753.6 -71.0514457,-47.7991605,1754.3 -71.0523260,-47.7989624,1754.6 -71.0538134,-47.7986277,1755.1 -71.0554389,-47.7982619,1755.7 -71.0565877,-47.7980033,1756.1 -71.0586906,-47.7975300,1756.8 -71.0596237,-47.7973199,1757.1 -71.0611718,-47.7969714,1757.6 -71.0634890,-47.7964498,1758.5 -71.0641540,-47.7963000,1758.7 -71.0656718,-47.7959583,1759.2 -71.0668885,-47.7956843,1759.7 -71.0683554,-47.7953540,1760.2 -71.0701496,-47.7949499,1760.8 -71.0715007,-47.7946456,1761.3 -71.0732525,-47.7942511,1761.9 -71.0744713,-47.7939765,1762.4 -71.0757798,-47.7936818,1762.8 -71.0776010,-47.7932715,1763.5 -71.0790491,-47.7929452,1764.0 -71.0807528,-47.7925613,1764.7 -71.0821363,-47.7922496,1765.2 -71.0834529,-47.7919529,1765.7 -71.0850177,-47.7916002,1766.2 -71.0866229,-47.7912385,1766.8 -71.0876896,-47.7909980,1767.2 -71.0892383,-47.7906489,1767.8 -71.0903181,-47.7904055,1768.2 -71.0921363,-47.7899956,1768.9 -71.0933440,-47.7897233,1769.4 -71.0950111,-47.7893475,1770.0 -71.0963846,-47.7890377,1770.5 -71.0977605,-47.7887275,1771.1 -71.0995571,-47.7883223,1771.7 -71.1009053,-47.7880182,1772.3 -71.1021717,-47.7877326,1772.8 -71.1047856,-47.7871430,1773.8 -71.1057653,-47.7869220,1774.2 -71.1077168,-47.7864817,1774.9 -71.1090622,-47.7861781,1775.5 -71.1108094,-47.7857839,1776.2 -71.1123593,-47.7854342,1776.8 -71.1135856,-47.7851574,1777.3 -71.1150968,-47.7848164,1777.9 -71.1162111,-47.7845649,1778.3 -71.1182958,-47.7840943,1779.2 -71.1195792,-47.7838046,1779.7 -71.1207393,-47.7835427,1780.1 -71.1223027,-47.7831898,1780.8 -71.1238181,-47.7828476,1781.4 -71.1252507,-47.7825241,1782.0 -71.1269266,-47.7821457,1782.7 -71.1280885,-47.7818833,1783.2 -71.1296301,-47.7815352,1783.8 -71.1314318,-47.7811282,1784.5 -71.1327497,-47.7808306,1785.1 -71.1342423,-47.7804934,1785.7 -71.1356906,-47.7801662,1786.3 -71.1370183,-47.7798663,1786.9 -71.1385067,-47.7795300,1787.5 -71.1401190,-47.7791657,1788.2 -71.1415869,-47.7788340,1788.8 -71.1430647,-47.7785000,1789.5 -71.1446341,-47.7781453,1790.1 -71.1459738,-47.7778425,1790.7 -71.1474631,-47.7775059,1791.4 -71.1487712,-47.7772102,1791.9 -71.1500898,-47.7769121,1792.5 -71.1515462,-47.7765829,1793.1 -71.1530690,-47.7762386,1793.8 -71.1546922,-47.7758716,1794.5 -71.1562952,-47.7755091,1795.2 -71.1576262,-47.7752081,1795.8 -71.1590123,-47.7748946,1796.4 -71.1608641,-47.7744758,1797.3 -71.1620111,-47.7742164,1797.8 -71.1634244,-47.7738967,1798.4 -71.1650414,-47.7735309,1799.1 -71.1667066,-47.7731542,1799.9 -71.1680228,-47.7728564,1800.5 -71.1692893,-47.7725698,1801.1 -71.1707407,-47.7722414,1801.7 -71.1722863,-47.7718916,1802.4 -71.1741627,-47.7714668,1803.3 -71.1753913,-47.7711883,1803.8 -71.1769582,-47.7708327,1804.6 -71.1781425,-47.7705631,1805.1 -71.1798868,-47.7701644,1805.9 -71.1810597,-47.7698947,1806.5 -71.1827165,-47.7695107,1807.2 -71.1840563,-47.7691970,1807.9 -71.1858029,-47.7687823,1808.7 -71.1869664,-47.7685015,1809.3 -71.1884678,-47.7681330,1810.0 -71.1901657,-47.7677060,1810.8 -71.1915639,-47.7673450,1811.5 -71.1931037,-47.7669356,1812.2 -71.1940969,-47.7666641,1812.7 -71.1959189,-47.7661491,1813.6 -71.1969880,-47.7658351,1814.1 -71.1984727,-47.7653831,1814.9 -71.1998268,-47.7649522,1815.6 -71.2013229,-47.7644534,1816.3 -71.2026274,-47.7639965,1817.0 -71.2043016,-47.7633765,1817.9 -71.2055942,-47.7628687,1818.6 -71.2066953,-47.7624140,1819.2 -71.2080447,-47.7618254,1819.9 -71.2091675,-47.7613063,1820.6 -71.2103255,-47.7607409,1821.2 -71.2117995,-47.7599699,1822.1 -71.2130986,-47.7592362,1822.9 -71.2143259,-47.7584876,1823.7 -71.2151404,-47.7579574,1824.2 -71.2163856,-47.7570977,1825.1 -71.2173089,-47.7563994,1825.8 -71.2182265,-47.7556520,1826.4 -71.2192804,-47.7547164,1827.3 -71.2202530,-47.7537600,1828.1 -71.2209686,-47.7529841,1828.8 -71.2216483,-47.7521777,1829.4 -71.2223400,-47.7512672,1830.2 -71.2230792,-47.7501614,1831.0 -71.2236077,-47.7492439,1831.8 -71.2241104,-47.7482326,1832.5 -71.2245193,-47.7472490,1833.3 -71.2248483,-47.7462717,1834.0 -71.2251400,-47.7451356,1834.9 -71.2253074,-47.7441807,1835.6 -71.2254076,-47.7432335,1836.3 -71.2254374,-47.7421085,1837.1 -71.2253756,-47.7410128,1837.9 -71.2252266,-47.7399295,1838.7 -71.2250160,-47.7389595,1839.4 -71.2247929,-47.7381772,1840.0 -71.2243521,-47.7369573,1841.0 -71.2239078,-47.7359737,1841.7 -71.2233130,-47.7348718,1842.6 -71.2227536,-47.7339837,1843.3 -71.2220846,-47.7330484,1844.1 -71.2211847,-47.7319461,1845.1 -71.2205224,-47.7312205,1845.7 -71.2197255,-47.7304209,1846.4 -71.2185789,-47.7293874,1847.4 -71.2176808,-47.7286551,1848.2 -71.2167639,-47.7279612,1848.9 -71.2157845,-47.7272758,1849.6 -71.2147129,-47.7265825,1850.4 -71.2136486,-47.7259427,1851.1 -71.2120885,-47.7250817,1852.2 -71.2108212,-47.7244431,1853.0 -71.2095016,-47.7238258,1853.8 -71.2084784,-47.7233788,1854.5 -71.2068780,-47.7227259,1855.4 -71.2057042,-47.7222807,1856.2 -71.2042658,-47.7217696,1857.0 -71.2029807,-47.7213419,1857.8 -71.2016724,-47.7209321,1858.5 -71.2002088,-47.7205012,1859.4 -71.1984893,-47.7200299,1860.4 -71.1969778,-47.7196422,1861.2 -71.1958966,-47.7193789,1861.9 -71.1942628,-47.7190003,1862.8 -71.1926792,-47.7186542,1863.7 -71.1913379,-47.7183753,1864.4 -71.1900001,-47.7181085,1865.2 -71.1884661,-47.7178149,1866.1 -71.1868964,-47.7175264,1867.0 -71.1853780,-47.7172577,1867.8 -71.1837181,-47.7169737,1868.7 -71.1821467,-47.7167127,1869.6 -71.1805852,-47.7164596,1870.5 -71.1792516,-47.7162475,1871.3 -71.1776206,-47.7159921,1872.2 -71.1760997,-47.7157570,1873.1 -71.1744946,-47.7155114,1874.0 -71.1733942,-47.7153440,1874.6 -71.1716276,-47.7150765,1875.6 -71.1699534,-47.7148237,1876.6 -71.1687367,-47.7146403,1877.3 -71.1670253,-47.7143824,1878.3 -71.1655262,-47.7141565,1879.1 -71.1645998,-47.7140169,1879.7 -71.1624988,-47.7137000,1880.9 -71.1609299,-47.7134630,1881.8 -71.1594682,-47.7132414,1882.6 -71.1582855,-47.7130612,1883.3 -71.1565203,-47.7127905,1884.4 -71.1551613,-47.7125800,1885.2 -71.1537807,-47.7123636,1886.0 -71.1521461,-47.7121031,1887.0 -71.1505655,-47.7118459,1887.9 -71.1490254,-47.7115890,1888.8 -71.1476639,-47.7113557,1889.6 -71.1461355,-47.7110857,1890.5 -71.1444738,-47.7107809,1891.5 -71.1428980,-47.7104792,1892.5 -71.1417316,-47.7102469,1893.2 -71.1403307,-47.7099569,1894.1 -71.1386982,-47.7096014,1895.1 -71.1371012,-47.7092330,1896.1 -71.1356615,-47.7088811,1897.0 -71.1339971,-47.7084483,1898.0 -71.1325524,-47.7080478,1899.0 -71.1312655,-47.7076689,1899.8 -71.1301616,-47.7073261,1900.5 -71.1284100,-47.7067452,1901.7 -71.1272016,-47.7063147,1902.5 -71.1259524,-47.7058412,1903.4 -71.1250170,-47.7054664,1904.0 -71.1233809,-47.7047651,1905.2 -71.1217924,-47.7040194,1906.4 -71.1205929,-47.7034079,1907.3 -71.1194650,-47.7027896,1908.2 -71.1183549,-47.7021353,1909.1 -71.1171651,-47.7013757,1910.1 -71.1164091,-47.7008578,1910.7 -71.1152127,-47.6999735,1911.8 -71.1140628,-47.6990330,1912.9 -71.1130429,-47.6981076,1914.0 -71.1123491,-47.6974190,1914.7 -71.1115438,-47.6965426,1915.7 -71.1108296,-47.6956848,1916.6 -71.1101811,-47.6948187,1917.5 -71.1094654,-47.6937416,1918.6 -71.1089158,-47.6928000,1919.5 -71.1083091,-47.6915856,1920.7 -71.1079867,-47.6908329,1921.4 -71.1076168,-47.6898238,1922.4 -71.1072954,-47.6887457,1923.4 -71.1070173,-47.6874975,1924.6 -71.1068932,-47.6867144,1925.3 -71.1067793,-47.6855559,1926.4 -71.1067475,-47.6844243,1927.5 -71.1067829,-47.6834223,1928.4 -71.1068904,-47.6822826,1929.5 -71.1069900,-47.6816139,1930.1 -71.1072412,-47.6803994,1931.3 -71.1075179,-47.6793879,1932.3 -71.1078360,-47.6784295,1933.2 -71.1082854,-47.6772718,1934.3 -71.1087806,-47.6762156,1935.4 -71.1092748,-47.6752860,1936.3 -71.1098074,-47.6743903,1937.3 -71.1102868,-47.6736529,1938.0 -71.1111811,-47.6724096,1939.4 -71.1117614,-47.6716786,1940.2 -71.1125377,-47.6707740,1941.2 -71.1132337,-47.6700221,1942.0 -71.1144165,-47.6688473,1943.4 -71.1151544,-47.6681723,1944.2 -71.1163253,-47.6671778,1945.4 -71.1171457,-47.6665292,1946.3 -71.1181027,-47.6658164,1947.2 -71.1191827,-47.6650610,1948.2 -71.1202899,-47.6643375,1949.3 -71.1214330,-47.6636387,1950.3 -71.1229235,-47.6627909,1951.6 -71.1237425,-47.6623539,1952.3 -71.1254174,-47.6615165,1953.7 -71.1262946,-47.6611066,1954.4 -71.1277321,-47.6604716,1955.5 -71.1289076,-47.6599869,1956.4 -71.1306685,-47.6593121,1957.8 -71.1316004,-47.6589791,1958.5 -71.1332650,-47.6584212,1959.8 -71.1346850,-47.6579809,1960.8 -71.1364321,-47.6574820,1962.1 -71.1376808,-47.6571531,1963.0 -71.1390056,-47.6568305,1964.0 -71.1412550,-47.6563316,1965.6 -71.1419651,-47.6561898,1966.1 -71.1432255,-47.6559537,1967.0 -71.1450481,-47.6556406,1968.3 -71.1466576,-47.6553996,1969.4 -71.1480598,-47.6552120,1970.4 -71.1493019,-47.6550637,1971.3 -71.1511541,-47.6548750,1972.6 -71.1518120,-47.6548159,1973.0 -71.1540016,-47.6546496,1974.5 -71.1555999,-47.6545554,1975.7 -71.1572949,-47.6544839,1976.8 -71.1587754,-47.6544420,1977.9 -71.1601759,-47.6544216,1978.8 -71.1616462,-47.6544193,1979.9 -71.1634173,-47.6544409,1981.1 -71.1646108,-47.6544702,1982.0 -71.1663169,-47.6545323,1983.2 -71.1678371,-47.6546072,1984.2 -71.1694384,-47.6547056,1985.4 -71.1708850,-47.6548118,1986.4 -71.1722269,-47.6549240,1987.4 -71.1742777,-47.6551217,1988.8 -71.1756691,-47.6552730,1989.8 -71.1768596,-47.6554136,1990.7 -71.1784270,-47.6556134,1991.8 -71.1801534,-47.6558531,1993.1 -71.1815427,-47.6560608,1994.1 -71.1832298,-47.6563300,1995.4 -71.1845764,-47.6565580,1996.3 -71.1865106,-47.6569028,1997.8 -71.1876170,-47.6571120,1998.6 -71.1892790,-47.6574407,1999.9 -71.1909174,-47.6577792,2001.1 -71.1935758,-47.6583619,2003.2 -71.1947609,-47.6586353,2004.1 -71.1961758,-47.6589719,2005.2 -71.1979216,-47.6594016,2006.5 -71.1990554,-47.6596894,2007.4 -71.2006461,-47.6601041,2008.7 -71.2021588,-47.6605101,2009.9 -71.2035632,-47.6608969,2011.0 -71.2049279,-47.6612815,2012.1 -71.2064658,-47.6617251,2013.3 -71.2074577,-47.6620167,2014.1 -71.2088834,-47.6624416,2015.3 -71.2104631,-47.6629240,2016.6 -71.2118024,-47.6633408,2017.7 -71.2132055,-47.6637850,2018.8 -71.2145416,-47.6642148,2019.9 -71.2158532,-47.6646430,2021.0 -71.2172126,-47.6650930,2022.1 -71.2188718,-47.6656506,2023.5 -71.2202255,-47.6661119,2024.7 -71.2215194,-47.6665580,2025.8 -71.2231477,-47.6671257,2027.2 -71.2241776,-47.6674888,2028.0 -71.2255380,-47.6679727,2029.2 -71.2268965,-47.6684604,2030.4 -71.2285257,-47.6690510,2031.8 -71.2295868,-47.6694388,2032.7 -71.2312279,-47.6700431,2034.1 -71.2325063,-47.6705175,2035.3 -71.2338421,-47.6710163,2036.4 -71.2353396,-47.6715791,2037.7 -71.2363648,-47.6719664,2038.6 -71.2377482,-47.6724913,2039.9 -71.2393539,-47.6731039,2041.3 -71.2404136,-47.6735099,2042.2 -71.2420446,-47.6741373,2043.7 -71.2433183,-47.6746292,2044.8 -71.2443798,-47.6750402,2045.8 -71.2459777,-47.6756607,2047.2 -71.2474652,-47.6762400,2048.6 -71.2487719,-47.6767502,2049.7 -71.2500613,-47.6772545,2050.9 -71.2509548,-47.6776045,2051.7 -71.2525752,-47.6782400,2053.2 -71.2540833,-47.6788324,2054.6 -71.2550792,-47.6792239,2055.5 -71.2565064,-47.6797855,2056.8 -71.2579477,-47.6803531,2058.1 -71.2592974,-47.6808849,2059.3 -71.2607312,-47.6814501,2060.7 -71.2618623,-47.6818961,2061.7 -71.2631010,-47.6823845,2062.8 -71.2648534,-47.6830757,2064.5 -71.2660349,-47.6835417,2065.6 -71.2673544,-47.6840621,2066.8 -71.2686301,-47.6845652,2068.0 -71.2698655,-47.6850525,2069.1 -71.2719495,-47.6858743,2071.1 -71.2728125,-47.6862146,2071.9 -71.2738677,-47.6866306,2072.8 -71.2752815,-47.6871879,2074.2 -71.2768303,-47.6877983,2075.6 -71.2779172,-47.6882265,2076.6 -71.2793224,-47.6887798,2078.0 -71.2807454,-47.6893397,2079.3 -71.2821294,-47.6898839,2080.6 -71.2835571,-47.6904448,2082.0 -71.2849532,-47.6909925,2083.3 -71.2861834,-47.6914745,2084.5 -71.2874903,-47.6919858,2085.7 -71.2885644,-47.6924053,2086.7 -71.2902627,-47.6930673,2088.3 -71.2914697,-47.6935366,2089.5 -71.2926568,-47.6939971,2090.6 -71.2942594,-47.6946169,2092.1 -71.2953924,-47.6950536,2093.2 -71.2969208,-47.6956405,2094.7 -71.2981592,-47.6961142,2095.9 -71.2994368,-47.6966008,2097.1 -71.3010181,-47.6972001,2098.6 -71.3022661,-47.6976706,2099.8 -71.3034411,-47.6981112,2100.9 -71.3048174,-47.6986244,2102.2 -71.3064267,-47.6992202,2103.8 -71.3075370,-47.6996283,2104.9 -71.3087279,-47.7000632,2106.0 -71.3105299,-47.7007156,2107.7 -71.3117564,-47.7011555,2108.9 -71.3129989,-47.7015970,2110.1 -71.3142449,-47.7020359,2111.3 -71.3160569,-47.7026667,2113.0 -71.3172491,-47.7030767,2114.1 -71.3183993,-47.7034681,2115.2 -71.3196936,-47.7039036,2116.5 -71.3214358,-47.7044813,2118.1 -71.3229670,-47.7049803,2119.6 -71.3244038,-47.7054410,2121.0 -71.3256203,-47.7058252,2122.1 -71.3270654,-47.7062741,2123.5 -71.3281408,-47.7066029,2124.5 -71.3296685,-47.7070621,2125.9 -71.3312751,-47.7075348,2127.5 -71.3324034,-47.7078595,2128.5 -71.3340250,-47.7083164,2130.0 -71.3354202,-47.7086996,2131.4 -71.3366903,-47.7090420,2132.5 -71.3384830,-47.7095097,2134.2 -71.3397500,-47.7098306,2135.4 -71.3409423,-47.7101249,2136.5 -71.3430168,-47.7106196,2138.4 -71.3442906,-47.7109119,2139.6 -71.3459410,-47.7112771,2141.1 -71.3471796,-47.7115410,2142.3 -71.3486600,-47.7118451,2143.6 -71.3503857,-47.7121830,2145.2 -71.3514773,-47.7123873,2146.2 -71.3531965,-47.7126945,2147.8 -71.3544603,-47.7129084,2149.0 -71.3564385,-47.7132237,2150.8 -71.3572832,-47.7133503,2151.5 -71.3593462,-47.7136397,2153.4 -71.3605994,-47.7138012,2154.5 -71.3618806,-47.7139554,2155.7 -71.3638043,-47.7141657,2157.4 -71.3655483,-47.7143330,2159.0 -71.3671685,-47.7144704,2160.5 -71.3685711,-47.7145726,2161.7 -71.3701003,-47.7146666,2163.1 -71.3712088,-47.7147236,2164.1 -71.3729706,-47.7147944,2165.7 -71.3745204,-47.7148365,2167.1 -71.3760938,-47.7148587,2168.5 -71.3775381,-47.7148620,2169.9 -71.3791057,-47.7148444,2171.3 -71.3810167,-47.7147973,2173.0 -71.3823557,-47.7147430,2174.2 -71.3836363,-47.7146752,2175.4 -71.3853271,-47.7145631,2176.9 -71.3870306,-47.7144223,2178.5 -71.3883199,-47.7142963,2179.7 -71.3902431,-47.7140768,2181.5 -71.3914197,-47.7139214,2182.6 -71.3926431,-47.7137425,2183.7 -71.3946607,-47.7134063,2185.7 -71.3959221,-47.7131671,2186.9 -71.3977421,-47.7127784,2188.6 -71.3991060,-47.7124493,2190.0 -71.4004359,-47.7120946,2191.3 -71.4018052,-47.7116905,2192.7 -71.4030900,-47.7112715,2194.0 -71.4045395,-47.7107483,2195.5 -71.4058479,-47.7102251,2196.9 -71.4070859,-47.7096788,2198.3 -71.4086287,-47.7089225,2200.1 -71.4100387,-47.7081385,2201.8 -71.4105655,-47.7078190,2202.5 -71.4121384,-47.7067778,2204.5 -71.4128483,-47.7062523,2205.5 -71.4139841,-47.7053272,2207.2 -71.4146913,-47.7046943,2208.3 -71.4157488,-47.7036301,2210.1 -71.4166789,-47.7025476,2211.8 -71.4172965,-47.7017289,2213.1 -71.4180074,-47.7006584,2214.8 -71.4184757,-47.6998512,2216.0 -71.4190295,-47.6987568,2217.6 -71.4193468,-47.6980026,2218.7 -71.4197107,-47.6969757,2220.2 -71.4200734,-47.6956531,2222.1 -71.4202298,-47.6948932,2223.2 -71.4203830,-47.6938810,2224.6 -71.4204808,-47.6928329,2226.1 -71.4205167,-47.6915004,2228.0 -71.4204994,-47.6908026,2229.0 -71.4204119,-47.6895190,2230.8 -71.4202936,-47.6885670,2232.2 -71.4201226,-47.6875153,2233.7 -71.4199528,-47.6866778,2234.9 -71.4196838,-47.6855475,2236.5 -71.4193901,-47.6844768,2238.1 -71.4190183,-47.6832708,2239.8 -71.4186727,-47.6822440,2241.3 -71.4184016,-47.6814858,2242.4 -71.4179208,-47.6802125,2244.3 -71.4174930,-47.6791350,2245.9 -71.4171982,-47.6784151,2247.0 -71.4167556,-47.6773595,2248.6 -71.4162562,-47.6761953,2250.3 -71.4158543,-47.6752731,2251.7 -71.4154938,-47.6744535,2253.0 -71.4150184,-47.6733800,2254.6 -71.4144809,-47.6721719,2256.4 -71.4141623,-47.6714571,2257.5 -71.4136233,-47.6702484,2259.4 -71.4131687,-47.6692290,2260.9 -71.4127205,-47.6682235,2262.4 -71.4123588,-47.6674108,2263.7 -71.4118342,-47.6662283,2265.5 -71.4113680,-47.6651699,2267.1 -71.4110015,-47.6643296,2268.4 -71.4105305,-47.6632345,2270.1 -71.4101035,-47.6622210,2271.6 -71.4097547,-47.6613732,2272.9 -71.4092686,-47.6601503,2274.8 -71.4089022,-47.6591843,2276.3 -71.4085314,-47.6581542,2277.8 -71.4082404,-47.6572964,2279.1 -71.4078950,-47.6562030,2280.8 -71.4075747,-47.6550709,2282.5 -71.4073240,-47.6540636,2284.0 -71.4071222,-47.6531215,2285.5 -71.4069044,-47.6518864,2287.3 -71.4067878,-47.6509986,2288.6 -71.4067056,-47.6500464,2290.1 -71.4066657,-47.6490486,2291.6 -71.4066808,-47.6479266,2293.3 -71.4067547,-47.6468875,2294.8 -71.4068838,-47.6458889,2296.3 -71.4071176,-47.6447014,2298.1 -71.4074035,-47.6436407,2299.8 -71.4076530,-47.6428887,2300.9 -71.4080554,-47.6418762,2302.5 -71.4085343,-47.6408699,2304.1 -71.4091001,-47.6398608,2305.7 -71.4098478,-47.6387246,2307.6 -71.4104251,-47.6379585,2308.9 -71.4111809,-47.6370624,2310.5 -71.4118904,-47.6363079,2311.8 -71.4128671,-47.6353737,2313.6 -71.4136971,-47.6346626,2315.0 -71.4148117,-47.6338013,2316.7 -71.4160846,-47.6329262,2318.6 -71.4173428,-47.6321529,2320.3 -71.4184509,-47.6315384,2321.8 -71.4198005,-47.6308613,2323.5 -71.4207793,-47.6304140,2324.8 -71.4223333,-47.6297670,2326.7 -71.4234639,-47.6293399,2328.0 -71.4249306,-47.6288362,2329.7 -71.4262612,-47.6284230,2331.2 -71.4279690,-47.6279456,2333.2 -71.4292462,-47.6276249,2334.6 -71.4305475,-47.6273267,2336.0 -71.4317674,-47.6270706,2337.3 -71.4339632,-47.6266577,2339.7 -71.4347904,-47.6265171,2340.6 -71.4366263,-47.6262339,2342.6 -71.4380921,-47.6260303,2344.2 -71.4398419,-47.6258103,2346.0 -71.4417694,-47.6255937,2348.1 -71.4432560,-47.6254416,2349.7 -71.4440856,-47.6253621,2350.5 -71.4459225,-47.6251954,2352.5 -71.4475652,-47.6250564,2354.2 -71.4491105,-47.6249323,2355.9 -71.4508296,-47.6247997,2357.7 -71.4521537,-47.6247004,2359.1 -71.4536209,-47.6245923,2360.7 -71.4553901,-47.6244635,2362.6 -71.4567003,-47.6243687,2364.0 -71.4580289,-47.6242727,2365.4 -71.4596760,-47.6241538,2367.2 -71.4614271,-47.6240272,2369.1 -71.4630006,-47.6239130,2370.8 -71.4645256,-47.6238015,2372.4 -71.4660399,-47.6236891,2374.1 -71.4676235,-47.6235688,2375.8 -71.4686588,-47.6234881,2376.9 -71.4704611,-47.6233423,2378.8 -71.4719065,-47.6232190,2380.4 -71.4733122,-47.6230921,2381.9 -71.4752634,-47.6229023,2384.1 -71.4765447,-47.6227664,2385.5 -71.4781763,-47.6225789,2387.3 -71.4798765,-47.6223624,2389.2 -71.4811836,-47.6221794,2390.6 -71.4825583,-47.6219695,2392.1 -71.4840452,-47.6217196,2393.8 -71.4855332,-47.6214430,2395.5 -71.4869216,-47.6211582,2397.1 -71.4884635,-47.6208092,2398.9 -71.4907289,-47.6202280,2401.5 -71.4916295,-47.6199674,2402.6 -71.4929794,-47.6195437,2404.2 -71.4938906,-47.6192340,2405.3 -71.4956913,-47.6185631,2407.6 -71.4969348,-47.6180424,2409.2 -71.4983121,-47.6174051,2411.1 -71.4991794,-47.6169672,2412.3 -71.5006160,-47.6161745,2414.3 -71.5021902,-47.6151839,2416.7 -71.5032254,-47.6144617,2418.3 -71.5045422,-47.6134157,2420.6 -71.5052517,-47.6127844,2421.9 -71.5063002,-47.6117522,2423.9 -71.5069798,-47.6109994,2425.4 -71.5078358,-47.6099331,2427.4 -71.5085069,-47.6089691,2429.2 -71.5089895,-47.6081828,2430.6 -71.5096095,-47.6070084,2432.6 -71.5099740,-47.6061879,2434.0 -71.5104132,-47.6049802,2436.1 -71.5106906,-47.6039857,2437.8 -71.5109006,-47.6029616,2439.5 -71.5110402,-47.6019454,2441.2 -71.5111059,-47.6008035,2443.1 -71.5110981,-47.5999725,2444.5 -71.5110247,-47.5989632,2446.2 -71.5108867,-47.5979861,2447.8 -71.5106717,-47.5969576,2449.5 -71.5103970,-47.5959688,2451.2 -71.5099487,-47.5946940,2453.4 -71.5096051,-47.5939026,2454.8 -71.5090806,-47.5928608,2456.7 -71.5083845,-47.5916754,2458.8 -71.5078968,-47.5909421,2460.1 -71.5071943,-47.5899901,2461.9 -71.5064760,-47.5891131,2463.6 -71.5056669,-47.5882161,2465.4 -71.5046063,-47.5871561,2467.6 -71.5036979,-47.5863326,2469.3 -71.5030382,-47.5857754,2470.5 -71.5017057,-47.5847392,2472.8 -71.5009523,-47.5841988,2474.1 -71.4997441,-47.5833910,2476.0 -71.4986296,-47.5827028,2477.8 -71.4974406,-47.5820244,2479.5 -71.4962317,-47.5813853,2481.3 -71.4951466,-47.5808501,2482.9 -71.4935507,-47.5801253,2485.1 -71.4922268,-47.5795749,2486.9 -71.4911487,-47.5791571,2488.3 -71.4896843,-47.5786317,2490.2 -71.4881010,-47.5781132,2492.2 -71.4867522,-47.5777084,2494.0 -71.4854668,-47.5773544,2495.6 -71.4840146,-47.5769885,2497.4 -71.4825102,-47.5766451,2499.2 -71.4810743,-47.5763496,2500.9 -71.4796481,-47.5760852,2502.7 -71.4780956,-47.5758288,2504.5 -71.4763545,-47.5755795,2506.6 -71.4747965,-47.5753893,2508.5 -71.4735151,-47.5752542,2510.0 -71.4715782,-47.5750856,2512.3 -71.4704307,-47.5750062,2513.6 -71.4690191,-47.5749274,2515.3 -71.4673953,-47.5748628,2517.2 -71.4660716,-47.5748300,2518.7 -71.4642374,-47.5748124,2520.9 -71.4625687,-47.5748248,2522.9 -71.4611763,-47.5748552,2524.5 -71.4594693,-47.5749159,2526.5 -71.4581213,-47.5749817,2528.1 -71.4564425,-47.5750843,2530.1 -71.4550507,-47.5751868,2531.8 -71.4530959,-47.5753566,2534.1 -71.4516569,-47.5754998,2535.8 -71.4500008,-47.5756838,2537.8 -71.4491851,-47.5757814,2538.8 -71.4468623,-47.5760847,2541.6 -71.4457563,-47.5762423,2543.0 -71.4444393,-47.5764379,2544.6 -71.4435722,-47.5765742,2545.7 -71.4420712,-47.5768208,2547.5 -71.4405127,-47.5770908,2549.4 -71.4391785,-47.5773333,2551.1 -71.4377519,-47.5776032,2552.9 -71.4363740,-47.5778742,2554.6 -71.4347343,-47.5782090,2556.6 -71.4333585,-47.5784999,2558.4 -71.4317359,-47.5788543,2560.4 -71.4301696,-47.5792072,2562.4 -71.4286345,-47.5795629,2564.4 -71.4268820,-47.5799789,2566.6 -71.4253322,-47.5803561,2568.6 -71.4242453,-47.5806262,2570.0 -71.4230293,-47.5809329,2571.6 -71.4213822,-47.5813554,2573.8 -71.4199141,-47.5817383,2575.7 -71.4185910,-47.5820882,2577.4 -71.4173573,-47.5824184,2579.0 -71.4157102,-47.5828642,2581.2 -71.4142849,-47.5832547,2583.1 -71.4127343,-47.5836837,2585.1 -71.4115398,-47.5840170,2586.7 -71.4102401,-47.5843822,2588.4 -71.4086703,-47.5848263,2590.5 -71.4074776,-47.5851657,2592.1 -71.4059417,-47.5856050,2594.1 -71.4046246,-47.5859835,2595.9 -71.4030172,-47.5864474,2598.1 -71.4014970,-47.5868877,2600.1 -71.4002803,-47.5872411,2601.7 -71.3988371,-47.5876612,2603.7 -71.3975025,-47.5880503,2605.5 -71.3959826,-47.5884941,2607.5 -71.3946274,-47.5888903,2609.4 -71.3930440,-47.5893536,2611.5 -71.3917615,-47.5897290,2613.2 -71.3900214,-47.5902386,2615.6 -71.3885172,-47.5906791,2617.6 -71.3871547,-47.5910782,2619.5 -71.3861075,-47.5913848,2620.9 -71.3845183,-47.5918502,2623.1 -71.3832564,-47.5922197,2624.8 -71.3820470,-47.5925738,2626.5 -71.3801252,-47.5931363,2629.1 -71.3789590,-47.5934774,2630.7 -71.3775105,-47.5939009,2632.7 -71.3762288,-47.5942752,2634.4 -71.3744051,-47.5948071,2636.9 -71.3733086,-47.5951263,2638.4 -71.3715549,-47.5956357,2640.8 -71.3701467,-47.5960436,2642.8 -71.3687995,-47.5964326,2644.6 -71.3676807,-47.5967547,2646.2 -71.3661838,-47.5971840,2648.2 -71.3647085,-47.5976048,2650.3 -71.3631380,-47.5980500,2652.4 -71.3618023,-47.5984261,2654.3 -71.3602913,-47.5988485,2656.4 -71.3589218,-47.5992281,2658.2 -71.3574537,-47.5996313,2660.3 -71.3560062,-47.6000248,2662.3 -71.3544397,-47.6004456,2664.4 -71.3534355,-47.6007123,2665.8 -71.3516096,-47.6011909,2668.3 -71.3503878,-47.6015062,2670.0 -71.3489096,-47.6018816,2672.0 -71.3474601,-47.6022431,2674.0 -71.3459843,-47.6026040,2676.0 -71.3442955,-47.6030076,2678.3 -71.3427027,-47.6033789,2680.5 -71.3416372,-47.6036212,2682.0 -71.3401876,-47.6039434,2683.9 -71.3387175,-47.6042608,2685.9 -71.3373103,-47.6045553,2687.8 -71.3356501,-47.6048908,2690.1 -71.3341097,-47.6051892,2692.2 -71.3327727,-47.6054385,2694.0 -71.3312861,-47.6057039,2696.0 -71.3299037,-47.6059403,2697.8 -71.3282424,-47.6062084,2700.0 -71.3263495,-47.6064955,2702.6 -71.3248970,-47.6066984,2704.5 -71.3233377,-47.6069011,2706.6 -71.3224332,-47.6070108,2707.8 -71.3203442,-47.6072427,2710.5 -71.3190227,-47.6073730,2712.3 -71.3173671,-47.6075180,2714.5 -71.3160337,-47.6076193,2716.3 -71.3144227,-47.6077227,2718.4 -71.3128964,-47.6078012,2720.4 -71.3113342,-47.6078612,2722.5 -71.3099208,-47.6078968,2724.3 -71.3084421,-47.6079150,2726.3 -71.3068190,-47.6079136,2728.4 -71.3055433,-47.6078950,2730.1 -71.3036493,-47.6078369,2732.6 -71.3024451,-47.6077809,2734.2 -71.3008635,-47.6076847,2736.3 -71.2990731,-47.6075430,2738.7 -71.2974804,-47.6073865,2740.9 -71.2958764,-47.6071990,2743.0 -71.2943559,-47.6069928,2745.1 -71.2929991,-47.6067847,2746.9 -71.2914439,-47.6065148,2749.1 -71.2899216,-47.6062187,2751.2 -71.2884618,-47.6059031,2753.2 -71.2867774,-47.6054986,2755.6 -71.2856409,-47.6051993,2757.3 -71.2840408,-47.6047413,2759.6 -71.2828819,-47.6043808,2761.3 -71.2817915,-47.6040178,2762.9 -71.2800676,-47.6033980,2765.6 -71.2785435,-47.6027927,2768.0 -71.2774972,-47.6023447,2769.6 -71.2762022,-47.6017508,2771.7 -71.2748302,-47.6010702,2774.0 -71.2737853,-47.6005120,2775.8 -71.2724836,-47.5997641,2778.1 -71.2713413,-47.5990534,2780.2 -71.2702760,-47.5983390,2782.3 -71.2692116,-47.5975719,2784.4 -71.2681681,-47.5967532,2786.6 -71.2670886,-47.5958326,2788.9 -71.2661574,-47.5949613,2791.1 -71.2655193,-47.5943171,2792.7 -71.2646066,-47.5933132,2795.0 -71.2637656,-47.5922809,2797.4 -71.2630642,-47.5913201,2799.6 -71.2626221,-47.5906530,2801.1 -71.2620157,-47.5896348,2803.3 -71.2615384,-47.5887259,2805.2 -71.2609706,-47.5874471,2807.9 -71.2606622,-47.5866132,2809.7 -71.2603933,-47.5857560,2811.5 -71.2600852,-47.5844861,2814.1 -71.2599158,-47.5834308,2816.2 -71.2598326,-47.5825768,2818.0 -71.2597989,-47.5814206,2820.3 -71.2598336,-47.5805175,2822.2 -71.2599295,-47.5795642,2824.1 -71.2601172,-47.5784617,2826.4 -71.2603796,-47.5774070,2828.6 -71.2607094,-47.5763807,2830.7 -71.2610992,-47.5754035,2832.8 -71.2615674,-47.5744185,2834.9 -71.2622503,-47.5732188,2837.6 -71.2627496,-47.5724527,2839.3</coordinates>
    </LineString>
  </Placemark>
  <Placemark>
    <name>Takeoff</name><styleUrl>#ptStart</styleUrl>
    <Point><altitudeMode>absolute</altitudeMode><coordinates>-70.70984295400773,-47.87540754109485,1695.3</coordinates></Point>
  </Placemark>
  <Placemark>
    <name>End</name><styleUrl>#ptEnd</styleUrl>
    <Point><altitudeMode>absolute</altitudeMode><coordinates>-71.26274962412742,-47.57245269656914,2839.3</coordinates></Point>
  </Placemark>
  <Folder>
    <name>Animated track</name>
    <Placemark>
      <name>Flight 9/17/2026 02:07 PM (playback)</name>
      <styleUrl>#routeLine</styleUrl>
      <gx:Track>
        <altitudeMode>absolute</altitudeMode>
      <when>2026-09-17T06:07:14Z</when>
      <when>2026-09-17T06:07:14Z</when>
      <when>2026-09-17T06:07:14Z</when>
      <when>2026-09-17T06:07:14Z</when>
      <when>2026-09-17T06:07:14Z</when>
      <when>2026-09-17T06:07:14Z</when>
      <when>2026-09-17T06:07:15Z</when>
      <when>2026-09-17T06:07:15Z</when>
      <when>2026-09-17T06:07:15Z</when>
      <when>2026-09-17T06:07:15Z</when>
      <when>2026-09-17T06:07:15Z</when>
      <when>2026-09-17T06:07:15Z</when>
      <when>2026-09-17T06:07:15Z</when>
      <when>2026-09-17T06:07:16Z</when>
      <when>2026-09-17T06:07:16Z</when>
      <when>2026-09-17T06:07:16Z</when>
      <when>2026-09-17T06:07:16Z</when>
      <when>2026-09-17T06:07:16Z</when>
      <when>2026-09-17T06:07:16Z</when>
      <when>2026-09-17T06:07:16Z</when>
      <when>2026-09-17T06:07:17Z</when>
      <when>2026-09-17T06:07:17Z</when>
      <when>2026-09-17T06:07:17Z</when>
      <when>2026-09-17T06:07:17Z</when>
      <when>2026-09-17T06:07:17Z</when>
      <when>2026-09-17T06:07:17Z</when>
      <when>2026-09-17T06:07:18Z</when>
      <when>2026-09-17T06:07:18Z</when>
      <when>2026-09-17T06:07:18Z</when>
      <when>2026-09-17T06:07:18Z</when>
      <when>2026-09-17T06:07:18Z</when>
      <when>2026-09-17T06:07:18Z</when>
      <when>2026-09-17T06:07:18Z</when>
      <when>2026-09-17T06:07:19Z</when>
      <when>2026-09-17T06:07:19Z</when>
      <when>2026-09-17T06:07:19Z</when>
      <when>2026-09-17T06:07:19Z</when>
      <when>2026-09-17T06:07:19Z</when>
      <when>2026-09-17T06:07:19Z</when>
      <when>2026-09-17T06:07:19Z</when>
      <when>2026-09-17T06:07:20Z</when>
      <when>2026-09-17T06:07:20Z</when>
      <when>2026-09-17T06:07:20Z</when>
      <when>2026-09-17T06:07:20Z</when>
      <when>2026-09-17T06:07:20Z</when>
      <when>2026-09-17T06:07:20Z</when>
      <when>2026-09-17T06:07:21Z</when>
      <when>2026-09-17T06:07:21Z</when>
      <when>2026-09-17T06:07:21Z</when>
      <when>2026-09-17T06:07:21Z</when>
      <when>2026-09-17T06:07:21Z</when>
      <when>2026-09-17T06:07:21Z</when>
      <when>2026-09-17T06:07:21Z</when>
      <when>2026-09-17T06:07:22Z</when>
      <when>2026-09-17T06:07:22Z</when>
      <when>2026-09-17T06:07:22Z</when>
      <when>2026-09-17T06:07:22Z</when>
      <when>2026-09-17T06:07:22Z</when>
      <when>2026-09-17T06:07:22Z</when>
      <when>2026-09-17T06:07:22Z</when>
      <when>2026-09-17T06:07:23Z</when>
      <when>2026-09-17T06:07:23Z</when>
      <when>2026-09-17T06:07:23Z</when>
      <when>2026-09-17T06:07:23Z</when>
      <when>2026-09-17T06:07:23Z</when>
      <when>2026-09-17T06:07:23Z</when>
      <when>2026-09-17T06:07:24Z</when>
      <when>2026-09-17T06:07:24Z</when>
      <when>2026-09-17T06:07:24Z</when>
      <when>2026-09-17T06:07:24Z</when>
      <when>2026-09-17T06:07:24Z</when>
      <when>2026-09-17T06:07:24Z</when>
      <when>2026-09-17T06:07:24Z</when>
      <when>2026-09-17T06:07:25Z</when>
      <when>2026-09-17T06:07:25Z</when>
      <when>2026-09-17T06:07:25Z</when>
      <when>2026-09-17T06:07:25Z</when>
      <when>2026-09-17T06:07:25Z</when>
      <when>2026-09-17T06:07:25Z</when>
      <when>2026-09-17T06:07:25Z</when>
      <when>2026-09-17T06:07:26Z</when>
      <when>2026-09-17T06:07:26Z</when>
      <when>2026-09-17T06:07:26Z</when>
      <when>2026-09-17T06:07:26Z</when>
      <when>2026-09-17T06:07:26Z</when>
      <when>2026-09-17T06:07:26Z</when>
      <when>2026-09-17T06:07:27Z</when>
      <when>2026-09-17T06:07:27Z</when>
      <when>2026-09-17T06:07:27Z</when>
      <when>2026-09-17T06:07:27Z</when>
      <when>2026-09-17T06:07:27Z</when>
      <when>2026-09-17T06:07:27Z</when>
      <when>2026-09-17T06:07:27Z</when>
      <when>2026-09-17T06:07:28Z</when>
      <when>2026-09-17T06:07:28Z</when>
      <when>2026-09-17T06:07:28Z</when>
      <when>2026-09-17T06:07:28Z</when>
      <when>2026-09-17T06:07:28Z</when>
      <when>2026-09-17T06:07:28Z</when>
      <when>2026-09-17T06:07:28Z</when>
      <when>2026-09-17T06:07:29Z</when>
      <when>2026-09-17T06:07:29Z</when>
      <when>2026-09-17T06:07:29Z</when>
      <when>2026-09-17T06:07:29Z</when>
      <when>2026-09-17T06:07:29Z</when>
      <when>2026-09-17T06:07:29Z</when>
      <when>2026-09-17T06:07:30Z</when>
      <when>2026-09-17T06:07:30Z</when>
      <when>2026-09-17T06:07:30Z</when>
      <when>2026-09-17T06:07:30Z</when>
      <when>2026-09-17T06:07:30Z</when>
      <when>2026-09-17T06:07:30Z</when>
      <when>2026-09-17T06:07:30Z</when>
      <when>2026-09-17T06:07:31Z</when>
      <when>2026-09-17T06:07:31Z</when>
      <when>2026-09-17T06:07:31Z</when>
      <when>2026-09-17T06:07:31Z</when>
      <when>2026-09-17T06:07:31Z</when>
      <when>2026-09-17T06:07:31Z</when>
      <when>2026-09-17T06:07:31Z</when>
      <when>2026-09-17T06:07:32Z</when>
      <when>2026-09-17T06:07:32Z</when>
      <when>2026-09-17T06:07:32Z</when>
      <when>2026-09-17T06:07:32Z</when>
      <when>2026-09-17T06:07:32Z</when>
      <when>2026-09-17T06:07:32Z</when>
      <when>2026-09-17T06:07:33Z</when>
      <when>2026-09-17T06:07:33Z</when>
      <when>2026-09-17T06:07:33Z</when>
      <when>2026-09-17T06:07:33Z</when>
      <when>2026-09-17T06:07:33Z</when>
      <when>2026-09-17T06:07:33Z</when>
      <when>2026-09-17T06:07:33Z</when>
      <when>2026-09-17T06:07:34Z</when>
      <when>2026-09-17T06:07:34Z</when>
      <when>2026-09-17T06:07:34Z</when>
      <when>2026-09-17T06:07:34Z</when>
      <when>2026-09-17T06:07:34Z</when>
      <when>2026-09-17T06:07:34Z</when>
      <when>2026-09-17T06:07:34Z</when>
      <when>2026-09-17T06:07:35Z</when>
      <when>2026-09-17T06:07:35Z</when>
      <when>2026-09-17T06:07:35Z</when>
      <when>2026-09-17T06:07:35Z</when>
      <when>2026-09-17T06:07:35Z</when>
      <when>2026-09-17T06:07:35Z</when>
      <when>2026-09-17T06:07:36Z</when>
      <when>2026-09-17T06:07:36Z</when>
      <when>2026-09-17T06:07:36Z</when>
      <when>2026-09-17T06:07:36Z</when>
      <when>2026-09-17T06:07:36Z</when>
      <when>2026-09-17T06:07:36Z</when>
      <when>2026-09-17T06:07:36Z</when>
      <when>2026-09-17T06:07:37Z</when>
      <when>2026-09-17T06:07:37Z</when>
      <when>2026-09-17T06:07:37Z</when>
      <when>2026-09-17T06:07:37Z</when>
      <when>2026-09-17T06:07:37Z</when>
      <when>2026-09-17T06:07:37Z</when>
      <when>2026-09-17T06:07:37Z</when>
      <when>2026-09-17T06:07:38Z</when>
      <when>2026-09-17T06:07:38Z</when>
      <when>2026-09-17T06:07:38Z</when>
      <when>2026-09-17T06:07:38Z</when>
      <when>2026-09-17T06:07:38Z</when>
      <when>2026-09-17T06:07:38Z</when>
      <when>2026-09-17T06:07:39Z</when>
      <when>2026-09-17T06:07:39Z</when>
      <when>2026-09-17T06:07:39Z</when>
      <when>2026-09-17T06:07:39Z</when>
      <when>2026-09-17T06:07:39Z</when>
      <when>2026-09-17T06:07:39Z</when>
      <when>2026-09-17T06:07:39Z</when>
      <when>2026-09-17T06:07:40Z</when>
      <when>2026-09-17T06:07:40Z</when>
      <when>2026-09-17T06:07:40Z</when>
      <when>2026-09-17T06:07:40Z</when>
      <when>2026-09-17T06:07:40Z</when>
      <when>2026-09-17T06:07:40Z</when>
      <when>2026-09-17T06:07:40Z</when>
      <when>2026-09-17T06:07:41Z</when>
      <when>2026-09-17T06:07:41Z</when>
      <when>2026-09-17T06:07:41Z</when>
      <when>2026-09-17T06:07:41Z</when>
      <when>2026-09-17T06:07:41Z</when>
      <when>2026-09-17T06:07:41Z</when>
      <when>2026-09-17T06:07:42Z</when>
      <when>2026-09-17T06:07:42Z</when>
      <when>2026-09-17T06:07:42Z</when>
      <when>2026-09-17T06:07:42Z</when>
      <when>2026-09-17T06:07:42Z</when>
      <when>2026-09-17T06:07:42Z</when>
      <when>2026-09-17T06:07:42Z</when>
      <when>2026-09-17T06:07:43Z</when>
      <when>2026-09-17T06:07:43Z</when>
      <when>2026-09-17T06:07:43Z</when>
      <when>2026-09-17T06:07:43Z</when>
      <when>2026-09-17T06:07:43Z</when>
      <when>2026-09-17T06:07:43Z</when>
      <when>2026-09-17T06:07:44Z</when>
      <when>2026-09-17T06:07:44Z</when>
      <when>2026-09-17T06:07:44Z</when>
      <when>2026-09-17T06:07:44Z</when>
      <when>2026-09-17T06:07:44Z</when>
      <when>2026-09-17T06:07:44Z</when>
      <when>2026-09-17T06:07:44Z</when>
      <when>2026-09-17T06:07:45Z</when>
      <when>2026-09-17T06:07:45Z</when>
      <when>2026-09-17T06:07:45Z</when>
      <when>2026-09-17T06:07:45Z</when>
      <when>2026-09-17T06:07:45Z</when>
      <when>2026-09-17T06:07:45Z</when>
      <when>2026-09-17T06:07:46Z</when>
      <when>2026-09-17T06:07:46Z</when>
      <when>2026-09-17T06:07:46Z</when>
      <when>2026-09-17T06:07:46Z</when>
      <when>2026-09-17T06:07:46Z</when>
      <when>2026-09-17T06:07:46Z</when>
      <when>2026-09-17T06:07:46Z</when>
      <when>2026-09-17T06:07:46Z</when>
      <when>2026-09-17T06:07:47Z</when>
      <when>2026-09-17T06:07:47Z</when>
      <when>2026-09-17T06:07:47Z</when>
      <when>2026-09-17T06:07:47Z</when>
      <when>2026-09-17T06:07:47Z</when>
      <when>2026-09-17T06:07:47Z</when>
      <when>2026-09-17T06:07:48Z</when>
      <when>2026-09-17T06:07:48Z</when>
      <when>2026-09-17T06:07:48Z</when>
      <when>2026-09-17T06:07:48Z</when>
      <when>2026-09-17T06:07:48Z</when>
      <when>2026-09-17T06:07:48Z</when>
      <when>2026-09-17T06:07:49Z</when>
      <when>2026-09-17T06:07:49Z</when>
      <when>2026-09-17T06:07:49Z</when>
      <when>2026-09-17T06:07:49Z</when>
      <when>2026-09-17T06:07:49Z</when>
      <when>2026-09-17T06:07:49Z</when>
      <when>2026-09-17T06:07:50Z</when>
      <when>2026-09-17T06:07:50Z</when>
      <when>2026-09-17T06:07:50Z</when>
      <when>2026-09-17T06:07:50Z</when>
      <when>2026-09-17T06:07:50Z</when>
      <when>2026-09-17T06:07:50Z</when>
      <when>2026-09-17T06:07:50Z</when>
      <when>2026-09-17T06:07:51Z</when>
      <when>2026-09-17T06:07:51Z</when>
      <when>2026-09-17T06:07:51Z</when>
      <when>2026-09-17T06:07:51Z</when>
      <when>2026-09-17T06:07:51Z</when>
      <when>2026-09-17T06:07:51Z</when>
      <when>2026-09-17T06:07:51Z</when>
      <when>2026-09-17T06:07:52Z</when>
      <when>2026-09-17T06:07:52Z</when>
      <when>2026-09-17T06:07:52Z</when>
      <when>2026-09-17T06:07:52Z</when>
      <when>2026-09-17T06:07:52Z</when>
      <when>2026-09-17T06:07:52Z</when>
      <when>2026-09-17T06:07:52Z</when>
      <when>2026-09-17T06:07:53Z</when>
      <when>2026-09-17T06:07:53Z</when>
      <when>2026-09-17T06:07:53Z</when>
      <when>2026-09-17T06:07:53Z</when>
      <when>2026-09-17T06:07:53Z</when>
      <when>2026-09-17T06:07:54Z</when>
      <when>2026-09-17T06:07:54Z</when>
      <when>2026-09-17T06:07:54Z</when>
      <when>2026-09-17T06:07:54Z</when>
      <when>2026-09-17T06:07:54Z</when>
      <when>2026-09-17T06:07:54Z</when>
      <when>2026-09-17T06:07:54Z</when>
      <when>2026-09-17T06:07:55Z</when>
      <when>2026-09-17T06:07:55Z</when>
      <when>2026-09-17T06:07:55Z</when>
      <when>2026-09-17T06:07:55Z</when>
      <when>2026-09-17T06:07:55Z</when>
      <when>2026-09-17T06:07:55Z</when>
      <when>2026-09-17T06:07:55Z</when>
      <when>2026-09-17T06:07:56Z</when>
      <when>2026-09-17T06:07:56Z</when>
      <when>2026-09-17T06:07:56Z</when>
      <when>2026-09-17T06:07:56Z</when>
      <when>2026-09-17T06:07:56Z</when>
      <when>2026-09-17T06:07:56Z</when>
      <when>2026-09-17T06:07:57Z</when>
      <when>2026-09-17T06:07:57Z</when>
      <when>2026-09-17T06:07:57Z</when>
      <when>2026-09-17T06:07:57Z</when>
      <when>2026-09-17T06:07:57Z</when>
      <when>2026-09-17T06:07:57Z</when>
      <when>2026-09-17T06:07:57Z</when>
      <when>2026-09-17T06:07:58Z</when>
      <when>2026-09-17T06:07:58Z</when>
      <when>2026-09-17T06:07:58Z</when>
      <when>2026-09-17T06:07:58Z</when>
      <when>2026-09-17T06:07:58Z</when>
      <when>2026-09-17T06:07:58Z</when>
      <when>2026-09-17T06:07:58Z</when>
      <when>2026-09-17T06:07:59Z</when>
      <when>2026-09-17T06:07:59Z</when>
      <when>2026-09-17T06:07:59Z</when>
      <when>2026-09-17T06:07:59Z</when>
      <when>2026-09-17T06:07:59Z</when>
      <when>2026-09-17T06:08:00Z</when>
      <when>2026-09-17T06:08:00Z</when>
      <when>2026-09-17T06:08:00Z</when>
      <when>2026-09-17T06:08:00Z</when>
      <when>2026-09-17T06:08:00Z</when>
      <when>2026-09-17T06:08:00Z</when>
      <when>2026-09-17T06:08:00Z</when>
      <when>2026-09-17T06:08:01Z</when>
      <when>2026-09-17T06:08:01Z</when>
      <when>2026-09-17T06:08:01Z</when>
      <when>2026-09-17T06:08:01Z</when>
      <when>2026-09-17T06:08:01Z</when>
      <when>2026-09-17T06:08:01Z</when>
      <when>2026-09-17T06:08:01Z</when>
      <when>2026-09-17T06:08:02Z</when>
      <when>2026-09-17T06:08:02Z</when>
      <when>2026-09-17T06:08:02Z</when>
      <when>2026-09-17T06:08:02Z</when>
      <when>2026-09-17T06:08:02Z</when>
      <when>2026-09-17T06:08:02Z</when>
      <when>2026-09-17T06:08:03Z</when>
      <when>2026-09-17T06:08:03Z</when>
      <when>2026-09-17T06:08:03Z</when>
      <when>2026-09-17T06:08:03Z</when>
      <when>2026-09-17T06:08:03Z</when>
      <when>2026-09-17T06:08:03Z</when>
      <when>2026-09-17T06:08:03Z</when>
      <when>2026-09-17T06:08:04Z</when>
      <when>2026-09-17T06:08:04Z</when>
      <when>2026-09-17T06:08:04Z</when>
      <when>2026-09-17T06:08:04Z</when>
      <when>2026-09-17T06:08:04Z</when>
      <when>2026-09-17T06:08:04Z</when>
      <when>2026-09-17T06:08:04Z</when>
      <when>2026-09-17T06:08:05Z</when>
      <when>2026-09-17T06:08:05Z</when>
      <when>2026-09-17T06:08:05Z</when>
      <when>2026-09-17T06:08:05Z</when>
      <when>2026-09-17T06:08:05Z</when>
      <when>2026-09-17T06:08:05Z</when>
      <when>2026-09-17T06:08:06Z</when>
      <when>2026-09-17T06:08:06Z</when>
      <when>2026-09-17T06:08:06Z</when>
      <when>2026-09-17T06:08:06Z</when>
      <when>2026-09-17T06:08:06Z</when>
      <when>2026-09-17T06:08:06Z</when>
      <when>2026-09-17T06:08:06Z</when>
      <when>2026-09-17T06:08:07Z</when>
      <when>2026-09-17T06:08:07Z</when>
      <when>2026-09-17T06:08:07Z</when>
      <when>2026-09-17T06:08:07Z</when>
      <when>2026-09-17T06:08:07Z</when>
      <when>2026-09-17T06:08:07Z</when>
      <when>2026-09-17T06:08:07Z</when>
      <when>2026-09-17T06:08:08Z</when>
      <when>2026-09-17T06:08:08Z</when>
      <when>2026-09-17T06:08:08Z</when>
      <when>2026-09-17T06:08:08Z</when>
      <when>2026-09-17T06:08:08Z</when>
      <when>2026-09-17T06:08:08Z</when>
      <when>2026-09-17T06:08:09Z</when>
      <when>2026-09-17T06:08:09Z</when>
      <when>2026-09-17T06:08:09Z</when>
      <when>2026-09-17T06:08:09Z</when>
      <when>2026-09-17T06:08:09Z</when>
      <when>2026-09-17T06:08:09Z</when>
      <when>2026-09-17T06:08:09Z</when>
      <when>2026-09-17T06:08:10Z</when>
      <when>2026-09-17T06:08:10Z</when>
      <when>2026-09-17T06:08:10Z</when>
      <when>2026-09-17T06:08:10Z</when>
      <when>2026-09-17T06:08:10Z</when>
      <when>2026-09-17T06:08:10Z</when>
      <when>2026-09-17T06:08:10Z</when>
      <when>2026-09-17T06:08:11Z</when>
      <when>2026-09-17T06:08:11Z</when>
      <when>2026-09-17T06:08:11Z</when>
      <when>2026-09-17T06:08:11Z</when>
      <when>2026-09-17T06:08:11Z</when>
      <when>2026-09-17T06:08:11Z</when>
      <when>2026-09-17T06:08:12Z</when>
      <when>2026-09-17T06:08:12Z</when>
      <when>2026-09-17T06:08:12Z</when>
      <when>2026-09-17T06:08:12Z</when>
      <when>2026-09-17T06:08:12Z</when>
      <when>2026-09-17T06:08:12Z</when>
      <when>2026-09-17T06:08:12Z</when>
      <when>2026-09-17T06:08:13Z</when>
      <when>2026-09-17T06:08:13Z</when>
      <when>2026-09-17T06:08:13Z</when>
      <when>2026-09-17T06:08:13Z</when>
      <when>2026-09-17T06:08:13Z</when>
      <when>2026-09-17T06:08:13Z</when>
      <when>2026-09-17T06:08:13Z</when>
      <when>2026-09-17T06:08:14Z</when>
      <when>2026-09-17T06:08:14Z</when>
      <when>2026-09-17T06:08:14Z</when>
      <when>2026-09-17T06:08:14Z</when>
      <when>2026-09-17T06:08:14Z</when>
      <when>2026-09-17T06:08:14Z</when>
      <when>2026-09-17T06:08:15Z</when>
      <when>2026-09-17T06:08:15Z</when>
      <when>2026-09-17T06:08:15Z</when>
      <when>2026-09-17T06:08:15Z</when>
      <when>2026-09-17T06:08:15Z</when>
      <when>2026-09-17T06:08:15Z</when>
      <when>2026-09-17T06:08:15Z</when>
      <when>2026-09-17T06:08:16Z</when>
      <when>2026-09-17T06:08:16Z</when>
      <when>2026-09-17T06:08:16Z</when>
      <when>2026-09-17T06:08:16Z</when>
      <when>2026-09-17T06:08:16Z</when>
      <when>2026-09-17T06:08:16Z</when>
      <when>2026-09-17T06:08:16Z</when>
      <when>2026-09-17T06:08:17Z</when>
      <when>2026-09-17T06:08:17Z</when>
      <when>2026-09-17T06:08:17Z</when>
      <when>2026-09-17T06:08:17Z</when>
      <when>2026-09-17T06:08:17Z</when>
      <when>2026-09-17T06:08:17Z</when>
      <when>2026-09-17T06:08:18Z</when>
      <when>2026-09-17T06:08:18Z</when>
      <when>2026-09-17T06:08:18Z</when>
      <when>2026-09-17T06:08:18Z</when>
      <when>2026-09-17T06:08:18Z</when>
      <when>2026-09-17T06:08:18Z</when>
      <when>2026-09-17T06:08:18Z</when>
      <when>2026-09-17T06:08:19Z</when>
      <when>2026-09-17T06:08:19Z</when>
      <when>2026-09-17T06:08:19Z</when>
      <when>2026-09-17T06:08:19Z</when>
      <when>2026-09-17T06:08:19Z</when>
      <when>2026-09-17T06:08:19Z</when>
      <when>2026-09-17T06:08:19Z</when>
      <when>2026-09-17T06:08:20Z</when>
      <when>2026-09-17T06:08:20Z</when>
      <when>2026-09-17T06:08:20Z</when>
      <when>2026-09-17T06:08:20Z</when>
      <when>2026-09-17T06:08:20Z</when>
      <when>2026-09-17T06:08:20Z</when>
      <when>2026-09-17T06:08:21Z</when>
      <when>2026-09-17T06:08:21Z</when>
      <when>2026-09-17T06:08:21Z</when>
      <when>2026-09-17T06:08:21Z</when>
      <when>2026-09-17T06:08:21Z</when>
      <when>2026-09-17T06:08:21Z</when>
      <when>2026-09-17T06:08:21Z</when>
      <when>2026-09-17T06:08:22Z</when>
      <when>2026-09-17T06:08:22Z</when>
      <when>2026-09-17T06:08:22Z</when>
      <when>2026-09-17T06:08:22Z</when>
      <when>2026-09-17T06:08:22Z</when>
      <when>2026-09-17T06:08:22Z</when>
      <when>2026-09-17T06:08:22Z</when>
      <when>2026-09-17T06:08:23Z</when>
      <when>2026-09-17T06:08:23Z</when>
      <when>2026-09-17T06:08:23Z</when>
      <when>2026-09-17T06:08:23Z</when>
      <when>2026-09-17T06:08:23Z</when>
      <when>2026-09-17T06:08:23Z</when>
      <when>2026-09-17T06:08:24Z</when>
      <when>2026-09-17T06:08:24Z</when>
      <when>2026-09-17T06:08:24Z</when>
      <when>2026-09-17T06:08:24Z</when>
      <when>2026-09-17T06:08:24Z</when>
      <when>2026-09-17T06:08:24Z</when>
      <when>2026-09-17T06:08:24Z</when>
      <when>2026-09-17T06:08:25Z</when>
      <when>2026-09-17T06:08:25Z</when>
      <when>2026-09-17T06:08:25Z</when>
      <when>2026-09-17T06:08:25Z</when>
      <when>2026-09-17T06:08:25Z</when>
      <when>2026-09-17T06:08:25Z</when>
      <when>2026-09-17T06:08:25Z</when>
      <when>2026-09-17T06:08:26Z</when>
      <when>2026-09-17T06:08:26Z</when>
      <when>2026-09-17T06:08:26Z</when>
      <when>2026-09-17T06:08:26Z</when>
      <when>2026-09-17T06:08:26Z</when>
      <when>2026-09-17T06:08:26Z</when>
      <when>2026-09-17T06:08:27Z</when>
      <when>2026-09-17T06:08:27Z</when>
      <when>2026-09-17T06:08:27Z</when>
      <when>2026-09-17T06:08:27Z</when>
      <when>2026-09-17T06:08:27Z</when>
      <when>2026-09-17T06:08:27Z</when>
      <when>2026-09-17T06:08:27Z</when>
      <when>2026-09-17T06:08:28Z</when>
      <when>2026-09-17T06:08:28Z</when>
      <when>2026-09-17T06:08:28Z</when>
      <when>2026-09-17T06:08:28Z</when>
      <when>2026-09-17T06:08:28Z</when>
      <when>2026-09-17T06:08:28Z</when>
      <when>2026-09-17T06:08:28Z</when>
      <when>2026-09-17T06:08:29Z</when>
      <when>2026-09-17T06:08:29Z</when>
      <when>2026-09-17T06:08:29Z</when>
      <when>2026-09-17T06:08:29Z</when>
      <when>2026-09-17T06:08:29Z</when>
      <when>2026-09-17T06:08:29Z</when>
      <when>2026-09-17T06:08:30Z</when>
      <when>2026-09-17T06:08:30Z</when>
      <when>2026-09-17T06:08:30Z</when>
      <when>2026-09-17T06:08:30Z</when>
      <when>2026-09-17T06:08:30Z</when>
      <when>2026-09-17T06:08:30Z</when>
      <when>2026-09-17T06:08:30Z</when>
      <when>2026-09-17T06:08:31Z</when>
      <when>2026-09-17T06:08:31Z</when>
      <when>2026-09-17T06:08:31Z</when>
      <when>2026-09-17T06:08:31Z</when>
      <when>2026-09-17T06:08:31Z</when>
      <when>2026-09-17T06:08:31Z</when>
      <when>2026-09-17T06:08:31Z</when>
      <when>2026-09-17T06:08:32Z</when>
      <when>2026-09-17T06:08:32Z</when>
      <when>2026-09-17T06:08:32Z</when>
      <when>2026-09-17T06:08:32Z</when>
      <when>2026-09-17T06:08:32Z</when>
      <when>2026-09-17T06:08:32Z</when>
      <when>2026-09-17T06:08:33Z</when>
      <when>2026-09-17T06:08:33Z</when>
      <when>2026-09-17T06:08:33Z</when>
      <when>2026-09-17T06:08:33Z</when>
      <when>2026-09-17T06:08:33Z</when>
      <when>2026-09-17T06:08:33Z</when>
      <when>2026-09-17T06:08:33Z</when>
      <when>2026-09-17T06:08:34Z</when>
      <when>2026-09-17T06:08:34Z</when>
      <when>2026-09-17T06:08:34Z</when>
      <when>2026-09-17T06:08:34Z</when>
      <when>2026-09-17T06:08:34Z</when>
      <when>2026-09-17T06:08:34Z</when>
      <when>2026-09-17T06:08:35Z</when>
      <when>2026-09-17T06:08:35Z</when>
      <when>2026-09-17T06:08:35Z</when>
      <when>2026-09-17T06:08:35Z</when>
      <when>2026-09-17T06:08:35Z</when>
      <when>2026-09-17T06:08:35Z</when>
      <when>2026-09-17T06:08:35Z</when>
      <when>2026-09-17T06:08:36Z</when>
      <when>2026-09-17T06:08:36Z</when>
      <when>2026-09-17T06:08:36Z</when>
      <when>2026-09-17T06:08:36Z</when>
      <when>2026-09-17T06:08:36Z</when>
      <when>2026-09-17T06:08:36Z</when>
      <when>2026-09-17T06:08:36Z</when>
      <when>2026-09-17T06:08:37Z</when>
      <when>2026-09-17T06:08:37Z</when>
      <when>2026-09-17T06:08:37Z</when>
      <when>2026-09-17T06:08:37Z</when>
      <when>2026-09-17T06:08:37Z</when>
      <when>2026-09-17T06:08:37Z</when>
      <when>2026-09-17T06:08:38Z</when>
      <when>2026-09-17T06:08:38Z</when>
      <when>2026-09-17T06:08:38Z</when>
      <when>2026-09-17T06:08:38Z</when>
      <when>2026-09-17T06:08:38Z</when>
      <when>2026-09-17T06:08:38Z</when>
      <when>2026-09-17T06:08:38Z</when>
      <when>2026-09-17T06:08:39Z</when>
      <when>2026-09-17T06:08:39Z</when>
      <when>2026-09-17T06:08:39Z</when>
      <when>2026-09-17T06:08:39Z</when>
      <when>2026-09-17T06:08:39Z</when>
      <when>2026-09-17T06:08:39Z</when>
      <when>2026-09-17T06:08:40Z</when>
      <when>2026-09-17T06:08:40Z</when>
      <when>2026-09-17T06:08:40Z</when>
      <when>2026-09-17T06:08:40Z</when>
      <when>2026-09-17T06:08:40Z</when>
      <when>2026-09-17T06:08:40Z</when>
      <when>2026-09-17T06:08:40Z</when>
      <when>2026-09-17T06:08:41Z</when>
      <when>2026-09-17T06:08:41Z</when>
      <when>2026-09-17T06:08:41Z</when>
      <when>2026-09-17T06:08:41Z</when>
      <when>2026-09-17T06:08:41Z</when>
      <when>2026-09-17T06:08:41Z</when>
      <when>2026-09-17T06:08:42Z</when>
      <when>2026-09-17T06:08:42Z</when>
      <when>2026-09-17T06:08:42Z</when>
      <when>2026-09-17T06:08:42Z</when>
      <when>2026-09-17T06:08:42Z</when>
      <when>2026-09-17T06:08:42Z</when>
      <when>2026-09-17T06:08:42Z</when>
      <when>2026-09-17T06:08:43Z</when>
      <when>2026-09-17T06:08:43Z</when>
      <when>2026-09-17T06:08:43Z</when>
      <when>2026-09-17T06:08:43Z</when>
      <when>2026-09-17T06:08:43Z</when>
      <when>2026-09-17T06:08:43Z</when>
      <when>2026-09-17T06:08:44Z</when>
      <when>2026-09-17T06:08:44Z</when>
      <when>2026-09-17T06:08:44Z</when>
      <when>2026-09-17T06:08:44Z</when>
      <when>2026-09-17T06:08:44Z</when>
      <when>2026-09-17T06:08:44Z</when>
      <when>2026-09-17T06:08:44Z</when>
      <when>2026-09-17T06:08:45Z</when>
      <when>2026-09-17T06:08:45Z</when>
      <when>2026-09-17T06:08:45Z</when>
      <when>2026-09-17T06:08:45Z</when>
      <when>2026-09-17T06:08:45Z</when>
      <when>2026-09-17T06:08:45Z</when>
      <when>2026-09-17T06:08:45Z</when>
      <when>2026-09-17T06:08:46Z</when>
      <when>2026-09-17T06:08:46Z</when>
      <when>2026-09-17T06:08:46Z</when>
      <when>2026-09-17T06:08:46Z</when>
      <when>2026-09-17T06:08:46Z</when>
      <when>2026-09-17T06:08:46Z</when>
      <when>2026-09-17T06:08:46Z</when>
      <when>2026-09-17T06:08:47Z</when>
      <when>2026-09-17T06:08:47Z</when>
      <when>2026-09-17T06:08:47Z</when>
      <when>2026-09-17T06:08:47Z</when>
      <when>2026-09-17T06:08:47Z</when>
      <when>2026-09-17T06:08:47Z</when>
      <when>2026-09-17T06:08:48Z</when>
      <when>2026-09-17T06:08:48Z</when>
      <when>2026-09-17T06:08:48Z</when>
      <when>2026-09-17T06:08:48Z</when>
      <when>2026-09-17T06:08:48Z</when>
      <when>2026-09-17T06:08:48Z</when>
      <when>2026-09-17T06:08:48Z</when>
      <when>2026-09-17T06:08:49Z</when>
      <when>2026-09-17T06:08:49Z</when>
      <when>2026-09-17T06:08:49Z</when>
      <when>2026-09-17T06:08:49Z</when>
      <when>2026-09-17T06:08:49Z</when>
      <when>2026-09-17T06:08:49Z</when>
      <when>2026-09-17T06:08:50Z</when>
      <when>2026-09-17T06:08:50Z</when>
      <when>2026-09-17T06:08:50Z</when>
      <when>2026-09-17T06:08:50Z</when>
      <when>2026-09-17T06:08:50Z</when>
      <when>2026-09-17T06:08:50Z</when>
      <when>2026-09-17T06:08:50Z</when>
      <when>2026-09-17T06:08:51Z</when>
      <when>2026-09-17T06:08:51Z</when>
      <when>2026-09-17T06:08:51Z</when>
      <when>2026-09-17T06:08:51Z</when>
      <when>2026-09-17T06:08:51Z</when>
      <when>2026-09-17T06:08:51Z</when>
      <when>2026-09-17T06:08:51Z</when>
      <when>2026-09-17T06:08:52Z</when>
      <when>2026-09-17T06:08:52Z</when>
      <when>2026-09-17T06:08:52Z</when>
      <when>2026-09-17T06:08:52Z</when>
      <when>2026-09-17T06:08:52Z</when>
      <when>2026-09-17T06:08:52Z</when>
      <when>2026-09-17T06:08:52Z</when>
      <when>2026-09-17T06:08:53Z</when>
      <when>2026-09-17T06:08:53Z</when>
      <when>2026-09-17T06:08:53Z</when>
      <when>2026-09-17T06:08:53Z</when>
      <when>2026-09-17T06:08:53Z</when>
      <when>2026-09-17T06:08:53Z</when>
      <when>2026-09-17T06:08:54Z</when>
      <when>2026-09-17T06:08:54Z</when>
      <when>2026-09-17T06:08:54Z</when>
      <when>2026-09-17T06:08:54Z</when>
      <when>2026-09-17T06:08:54Z</when>
      <when>2026-09-17T06:08:54Z</when>
      <when>2026-09-17T06:08:54Z</when>
      <when>2026-09-17T06:08:55Z</when>
      <when>2026-09-17T06:08:55Z</when>
      <when>2026-09-17T06:08:55Z</when>
      <when>2026-09-17T06:08:55Z</when>
      <when>2026-09-17T06:08:55Z</when>
      <when>2026-09-17T06:08:55Z</when>
      <when>2026-09-17T06:08:55Z</when>
      <when>2026-09-17T06:08:56Z</when>
      <when>2026-09-17T06:08:56Z</when>
      <when>2026-09-17T06:08:56Z</when>
      <when>2026-09-17T06:08:56Z</when>
      <when>2026-09-17T06:08:56Z</when>
      <when>2026-09-17T06:08:56Z</when>
      <when>2026-09-17T06:08:57Z</when>
      <when>2026-09-17T06:08:57Z</when>
      <when>2026-09-17T06:08:57Z</when>
      <when>2026-09-17T06:08:57Z</when>
      <when>2026-09-17T06:08:57Z</when>
      <when>2026-09-17T06:08:57Z</when>
      <when>2026-09-17T06:08:57Z</when>
      <when>2026-09-17T06:08:58Z</when>
      <when>2026-09-17T06:08:58Z</when>
      <when>2026-09-17T06:08:58Z</when>
      <when>2026-09-17T06:08:58Z</when>
      <when>2026-09-17T06:08:58Z</when>
      <when>2026-09-17T06:08:58Z</when>
      <when>2026-09-17T06:08:58Z</when>
      <when>2026-09-17T06:08:59Z</when>
      <when>2026-09-17T06:08:59Z</when>
      <when>2026-09-17T06:08:59Z</when>
      <when>2026-09-17T06:08:59Z</when>
      <when>2026-09-17T06:08:59Z</when>
      <when>2026-09-17T06:08:59Z</when>
      <when>2026-09-17T06:09:00Z</when>
      <when>2026-09-17T06:09:00Z</when>
      <when>2026-09-17T06:09:00Z</when>
      <when>2026-09-17T06:09:00Z</when>
      <when>2026-09-17T06:09:00Z</when>
      <when>2026-09-17T06:09:00Z</when>
      <when>2026-09-17T06:09:00Z</when>
      <when>2026-09-17T06:09:01Z</when>
      <when>2026-09-17T06:09:01Z</when>
      <when>2026-09-17T06:09:01Z</when>
      <when>2026-09-17T06:09:01Z</when>
      <when>2026-09-17T06:09:01Z</when>
      <when>2026-09-17T06:09:01Z</when>
      <when>2026-09-17T06:09:01Z</when>
      <when>2026-09-17T06:09:02Z</when>
      <when>2026-09-17T06:09:02Z</when>
      <when>2026-09-17T06:09:02Z</when>
      <when>2026-09-17T06:09:02Z</when>
      <when>2026-09-17T06:09:02Z</when>
      <when>2026-09-17T06:09:02Z</when>
      <when>2026-09-17T06:09:03Z</when>
      <when>2026-09-17T06:09:03Z</when>
      <when>2026-09-17T06:09:03Z</when>
      <when>2026-09-17T06:09:03Z</when>
      <when>2026-09-17T06:09:03Z</when>
      <when>2026-09-17T06:09:03Z</when>
      <when>2026-09-17T06:09:03Z</when>
      <when>2026-09-17T06:09:04Z</when>
      <when>2026-09-17T06:09:04Z</when>
      <when>2026-09-17T06:09:04Z</when>
      <when>2026-09-17T06:09:04Z</when>
      <when>2026-09-17T06:09:04Z</when>
      <when>2026-09-17T06:09:04Z</when>
      <when>2026-09-17T06:09:04Z</when>
      <when>2026-09-17T06:09:05Z</when>
      <when>2026-09-17T06:09:05Z</when>
      <when>2026-09-17T06:09:05Z</when>
      <when>2026-09-17T06:09:05Z</when>
      <when>2026-09-17T06:09:05Z</when>
      <when>2026-09-17T06:09:05Z</when>
      <when>2026-09-17T06:09:06Z</when>
      <when>2026-09-17T06:09:06Z</when>
      <when>2026-09-17T06:09:06Z</when>
      <when>2026-09-17T06:09:06Z</when>
      <when>2026-09-17T06:09:06Z</when>
      <when>2026-09-17T06:09:06Z</when>
      <when>2026-09-17T06:09:06Z</when>
      <when>2026-09-17T06:09:07Z</when>
      <when>2026-09-17T06:09:07Z</when>
      <when>2026-09-17T06:09:07Z</when>
      <when>2026-09-17T06:09:07Z</when>
      <when>2026-09-17T06:09:07Z</when>
      <when>2026-09-17T06:09:07Z</when>
      <when>2026-09-17T06:09:07Z</when>
      <when>2026-09-17T06:09:08Z</when>
      <when>2026-09-17T06:09:08Z</when>
      <when>2026-09-17T06:09:08Z</when>
      <when>2026-09-17T06:09:08Z</when>
      <when>2026-09-17T06:09:08Z</when>
      <when>2026-09-17T06:09:08Z</when>
      <when>2026-09-17T06:09:09Z</when>
      <when>2026-09-17T06:09:09Z</when>
      <when>2026-09-17T06:09:09Z</when>
      <when>2026-09-17T06:09:09Z</when>
      <when>2026-09-17T06:09:09Z</when>
      <when>2026-09-17T06:09:09Z</when>
      <when>2026-09-17T06:09:09Z</when>
      <when>2026-09-17T06:09:10Z</when>
      <when>2026-09-17T06:09:10Z</when>
      <when>2026-09-17T06:09:10Z</when>
      <when>2026-09-17T06:09:10Z</when>
      <when>2026-09-17T06:09:10Z</when>
      <when>2026-09-17T06:09:10Z</when>
      <when>2026-09-17T06:09:10Z</when>
      <when>2026-09-17T06:09:11Z</when>
      <when>2026-09-17T06:09:11Z</when>
      <when>2026-09-17T06:09:11Z</when>
      <when>2026-09-17T06:09:11Z</when>
      <when>2026-09-17T06:09:11Z</when>
      <when>2026-09-17T06:09:11Z</when>
      <when>2026-09-17T06:09:12Z</when>
      <when>2026-09-17T06:09:12Z</when>
      <when>2026-09-17T06:09:12Z</when>
      <when>2026-09-17T06:09:12Z</when>
      <when>2026-09-17T06:09:12Z</when>
      <when>2026-09-17T06:09:12Z</when>
      <when>2026-09-17T06:09:12Z</when>
      <when>2026-09-17T06:09:13Z</when>
      <when>2026-09-17T06:09:13Z</when>
      <when>2026-09-17T06:09:13Z</when>
      <when>2026-09-17T06:09:13Z</when>
      <when>2026-09-17T06:09:13Z</when>
      <when>2026-09-17T06:09:13Z</when>
      <when>2026-09-17T06:09:13Z</when>
      <when>2026-09-17T06:09:14Z</when>
      <when>2026-09-17T06:09:14Z</when>
      <when>2026-09-17T06:09:14Z</when>
      <when>2026-09-17T06:09:14Z</when>
      <when>2026-09-17T06:09:14Z</when>
      <when>2026-09-17T06:09:14Z</when>
      <when>2026-09-17T06:09:15Z</when>
      <when>2026-09-17T06:09:15Z</when>
      <when>2026-09-17T06:09:15Z</when>
      <when>2026-09-17T06:09:15Z</when>
      <when>2026-09-17T06:09:15Z</when>
      <when>2026-09-17T06:09:15Z</when>
      <when>2026-09-17T06:09:15Z</when>
      <when>2026-09-17T06:09:16Z</when>
      <when>2026-09-17T06:09:16Z</when>
      <when>2026-09-17T06:09:16Z</when>
      <when>2026-09-17T06:09:16Z</when>
      <when>2026-09-17T06:09:16Z</when>
      <when>2026-09-17T06:09:16Z</when>
      <when>2026-09-17T06:09:16Z</when>
      <when>2026-09-17T06:09:17Z</when>
      <when>2026-09-17T06:09:17Z</when>
      <when>2026-09-17T06:09:17Z</when>
      <when>2026-09-17T06:09:17Z</when>
      <when>2026-09-17T06:09:17Z</when>
      <when>2026-09-17T06:09:17Z</when>
      <when>2026-09-17T06:09:18Z</when>
      <when>2026-09-17T06:09:18Z</when>
      <when>2026-09-17T06:09:18Z</when>
      <when>2026-09-17T06:09:18Z</when>
      <when>2026-09-17T06:09:18Z</when>
      <when>2026-09-17T06:09:18Z</when>
      <when>2026-09-17T06:09:18Z</when>
      <when>2026-09-17T06:09:19Z</when>
      <when>2026-09-17T06:09:19Z</when>
      <when>2026-09-17T06:09:19Z</when>
      <when>2026-09-17T06:09:19Z</when>
      <when>2026-09-17T06:09:19Z</when>
      <when>2026-09-17T06:09:19Z</when>
      <when>2026-09-17T06:09:19Z</when>
      <when>2026-09-17T06:09:20Z</when>
      <when>2026-09-17T06:09:20Z</when>
      <when>2026-09-17T06:09:20Z</when>
      <when>2026-09-17T06:09:20Z</when>
      <when>2026-09-17T06:09:20Z</when>
      <when>2026-09-17T06:09:20Z</when>
      <when>2026-09-17T06:09:21Z</when>
      <when>2026-09-17T06:09:21Z</when>
      <when>2026-09-17T06:09:21Z</when>
      <when>2026-09-17T06:09:21Z</when>
      <when>2026-09-17T06:09:21Z</when>
      <when>2026-09-17T06:09:21Z</when>
      <when>2026-09-17T06:09:21Z</when>
      <when>2026-09-17T06:09:22Z</when>
      <when>2026-09-17T06:09:22Z</when>
      <when>2026-09-17T06:09:22Z</when>
      <when>2026-09-17T06:09:22Z</when>
      <when>2026-09-17T06:09:22Z</when>
      <when>2026-09-17T06:09:23Z</when>
      <when>2026-09-17T06:09:23Z</when>
      <when>2026-09-17T06:09:23Z</when>
      <when>2026-09-17T06:09:23Z</when>
      <when>2026-09-17T06:09:23Z</when>
      <when>2026-09-17T06:09:24Z</when>
      <when>2026-09-17T06:09:24Z</when>
      <when>2026-09-17T06:09:24Z</when>
      <when>2026-09-17T06:09:24Z</when>
      <when>2026-09-17T06:09:24Z</when>
      <when>2026-09-17T06:09:24Z</when>
      <when>2026-09-17T06:09:24Z</when>
      <when>2026-09-17T06:09:25Z</when>
      <when>2026-09-17T06:09:25Z</when>
      <when>2026-09-17T06:09:25Z</when>
      <when>2026-09-17T06:09:25Z</when>
      <when>2026-09-17T06:09:25Z</when>
      <when>2026-09-17T06:09:25Z</when>
      <when>2026-09-17T06:09:25Z</when>
      <when>2026-09-17T06:09:26Z</when>
      <when>2026-09-17T06:09:26Z</when>
      <when>2026-09-17T06:09:26Z</when>
      <when>2026-09-17T06:09:26Z</when>
      <when>2026-09-17T06:09:26Z</when>
      <when>2026-09-17T06:09:26Z</when>
      <when>2026-09-17T06:09:27Z</when>
      <when>2026-09-17T06:09:27Z</when>
      <when>2026-09-17T06:09:27Z</when>
      <when>2026-09-17T06:09:27Z</when>
      <when>2026-09-17T06:09:27Z</when>
      <when>2026-09-17T06:09:27Z</when>
      <when>2026-09-17T06:09:27Z</when>
      <when>2026-09-17T06:09:28Z</when>
      <when>2026-09-17T06:09:28Z</when>
      <when>2026-09-17T06:09:28Z</when>
      <when>2026-09-17T06:09:28Z</when>
      <when>2026-09-17T06:09:28Z</when>
      <when>2026-09-17T06:09:28Z</when>
      <when>2026-09-17T06:09:28Z</when>
      <when>2026-09-17T06:09:29Z</when>
      <when>2026-09-17T06:09:29Z</when>
      <when>2026-09-17T06:09:29Z</when>
      <when>2026-09-17T06:09:29Z</when>
      <when>2026-09-17T06:09:29Z</when>
      <when>2026-09-17T06:09:29Z</when>
      <when>2026-09-17T06:09:30Z</when>
      <when>2026-09-17T06:09:30Z</when>
      <when>2026-09-17T06:09:30Z</when>
      <when>2026-09-17T06:09:30Z</when>
      <when>2026-09-17T06:09:30Z</when>
      <when>2026-09-17T06:09:30Z</when>
      <when>2026-09-17T06:09:30Z</when>
      <when>2026-09-17T06:09:31Z</when>
      <when>2026-09-17T06:09:31Z</when>
      <when>2026-09-17T06:09:31Z</when>
      <when>2026-09-17T06:09:31Z</when>
      <when>2026-09-17T06:09:31Z</when>
      <when>2026-09-17T06:09:31Z</when>
      <when>2026-09-17T06:09:31Z</when>
      <when>2026-09-17T06:09:32Z</when>
      <when>2026-09-17T06:09:32Z</when>
      <when>2026-09-17T06:09:32Z</when>
      <when>2026-09-17T06:09:32Z</when>
      <when>2026-09-17T06:09:32Z</when>
      <when>2026-09-17T06:09:32Z</when>
      <when>2026-09-17T06:09:33Z</when>
      <when>2026-09-17T06:09:33Z</when>
      <when>2026-09-17T06:09:33Z</when>
      <when>2026-09-17T06:09:33Z</when>
      <when>2026-09-17T06:09:33Z</when>
      <when>2026-09-17T06:09:33Z</when>
      <when>2026-09-17T06:09:33Z</when>
      <when>2026-09-17T06:09:34Z</when>
      <when>2026-09-17T06:09:34Z</when>
      <when>2026-09-17T06:09:34Z</when>
      <when>2026-09-17T06:09:34Z</when>
      <when>2026-09-17T06:09:34Z</when>
      <when>2026-09-17T06:09:34Z</when>
      <when>2026-09-17T06:09:34Z</when>
      <when>2026-09-17T06:09:35Z</when>
      <when>2026-09-17T06:09:35Z</when>
      <when>2026-09-17T06:09:35Z</when>
      <when>2026-09-17T06:09:35Z</when>
      <when>2026-09-17T06:09:35Z</when>
      <when>2026-09-17T06:09:35Z</when>
      <when>2026-09-17T06:09:36Z</when>
      <when>2026-09-17T06:09:36Z</when>
      <when>2026-09-17T06:09:36Z</when>
      <when>2026-09-17T06:09:36Z</when>
      <when>2026-09-17T06:09:36Z</when>
      <when>2026-09-17T06:09:36Z</when>
      <when>2026-09-17T06:09:36Z</when>
      <when>2026-09-17T06:09:37Z</when>
      <when>2026-09-17T06:09:37Z</when>
      <when>2026-09-17T06:09:37Z</when>
      <when>2026-09-17T06:09:37Z</when>
      <when>2026-09-17T06:09:37Z</when>
      <when>2026-09-17T06:09:37Z</when>
      <when>2026-09-17T06:09:37Z</when>
      <when>2026-09-17T06:09:38Z</when>
      <when>2026-09-17T06:09:38Z</when>
      <when>2026-09-17T06:09:38Z</when>
      <when>2026-09-17T06:09:38Z</when>
      <when>2026-09-17T06:09:38Z</when>
      <when>2026-09-17T06:09:38Z</when>
      <when>2026-09-17T06:09:39Z</when>
      <when>2026-09-17T06:09:39Z</when>
      <when>2026-09-17T06:09:39Z</when>
      <when>2026-09-17T06:09:39Z</when>
      <when>2026-09-17T06:09:39Z</when>
      <when>2026-09-17T06:09:39Z</when>
      <when>2026-09-17T06:09:39Z</when>
      <when>2026-09-17T06:09:40Z</when>
      <when>2026-09-17T06:09:40Z</when>
      <when>2026-09-17T06:09:40Z</when>
      <when>2026-09-17T06:09:40Z</when>
      <when>2026-09-17T06:09:40Z</when>
      <when>2026-09-17T06:09:40Z</when>
      <when>2026-09-17T06:09:40Z</when>
      <when>2026-09-17T06:09:41Z</when>
      <when>2026-09-17T06:09:41Z</when>
      <when>2026-09-17T06:09:41Z</when>
      <when>2026-09-17T06:09:41Z</when>
      <when>2026-09-17T06:09:41Z</when>
      <when>2026-09-17T06:09:41Z</when>
      <when>2026-09-17T06:09:42Z</when>
      <when>2026-09-17T06:09:42Z</when>
      <when>2026-09-17T06:09:42Z</when>
      <when>2026-09-17T06:09:42Z</when>
      <when>2026-09-17T06:09:42Z</when>
      <when>2026-09-17T06:09:42Z</when>
      <when>2026-09-17T06:09:42Z</when>
      <when>2026-09-17T06:09:43Z</when>
      <when>2026-09-17T06:09:43Z</when>
      <when>2026-09-17T06:09:43Z</when>
      <when>2026-09-17T06:09:43Z</when>
      <when>2026-09-17T06:09:43Z</when>
      <when>2026-09-17T06:09:43Z</when>
      <when>2026-09-17T06:09:43Z</when>
      <when>2026-09-17T06:09:44Z</when>
      <when>2026-09-17T06:09:44Z</when>
      <when>2026-09-17T06:09:44Z</when>
      <when>2026-09-17T06:09:44Z</when>
      <when>2026-09-17T06:09:44Z</when>
      <when>2026-09-17T06:09:44Z</when>
      <when>2026-09-17T06:09:45Z</when>
      <when>2026-09-17T06:09:45Z</when>
      <when>2026-09-17T06:09:45Z</when>
      <when>2026-09-17T06:09:45Z</when>
      <when>2026-09-17T06:09:45Z</when>
      <when>2026-09-17T06:09:45Z</when>
      <when>2026-09-17T06:09:45Z</when>
      <when>2026-09-17T06:09:46Z</when>
      <when>2026-09-17T06:09:46Z</when>
      <when>2026-09-17T06:09:46Z</when>
      <when>2026-09-17T06:09:46Z</when>
      <when>2026-09-17T06:09:46Z</when>
      <when>2026-09-17T06:09:46Z</when>
      <when>2026-09-17T06:09:47Z</when>
      <when>2026-09-17T06:09:47Z</when>
      <when>2026-09-17T06:09:47Z</when>
      <when>2026-09-17T06:09:47Z</when>
      <when>2026-09-17T06:09:47Z</when>
      <when>2026-09-17T06:09:47Z</when>
      <when>2026-09-17T06:09:47Z</when>
      <when>2026-09-17T06:09:48Z</when>
      <when>2026-09-17T06:09:48Z</when>
      <when>2026-09-17T06:09:48Z</when>
      <when>2026-09-17T06:09:48Z</when>
      <when>2026-09-17T06:09:48Z</when>
      <when>2026-09-17T06:09:48Z</when>
      <when>2026-09-17T06:09:48Z</when>
      <when>2026-09-17T06:09:49Z</when>
      <when>2026-09-17T06:09:49Z</when>
      <when>2026-09-17T06:09:49Z</when>
      <when>2026-09-17T06:09:49Z</when>
      <when>2026-09-17T06:09:49Z</when>
      <when>2026-09-17T06:09:49Z</when>
      <when>2026-09-17T06:09:49Z</when>
      <when>2026-09-17T06:09:50Z</when>
      <when>2026-09-17T06:09:50Z</when>
      <when>2026-09-17T06:09:50Z</when>
      <when>2026-09-17T06:09:50Z</when>
      <when>2026-09-17T06:09:50Z</when>
      <when>2026-09-17T06:09:50Z</when>
      <when>2026-09-17T06:09:51Z</when>
      <when>2026-09-17T06:09:51Z</when>
      <when>2026-09-17T06:09:51Z</when>
      <when>2026-09-17T06:09:51Z</when>
      <when>2026-09-17T06:09:51Z</when>
      <when>2026-09-17T06:09:51Z</when>
      <when>2026-09-17T06:09:51Z</when>
      <when>2026-09-17T06:09:52Z</when>
      <when>2026-09-17T06:09:52Z</when>
      <when>2026-09-17T06:09:52Z</when>
      <when>2026-09-17T06:09:52Z</when>
      <when>2026-09-17T06:09:52Z</when>
      <when>2026-09-17T06:09:52Z</when>
      <when>2026-09-17T06:09:52Z</when>
      <when>2026-09-17T06:09:53Z</when>
      <when>2026-09-17T06:09:53Z</when>
      <when>2026-09-17T06:09:53Z</when>
      <when>2026-09-17T06:09:53Z</when>
      <when>2026-09-17T06:09:53Z</when>
      <when>2026-09-17T06:09:53Z</when>
      <when>2026-09-17T06:09:54Z</when>
      <when>2026-09-17T06:09:54Z</when>
      <when>2026-09-17T06:09:54Z</when>
      <when>2026-09-17T06:09:54Z</when>
      <when>2026-09-17T06:09:54Z</when>
      <when>2026-09-17T06:09:54Z</when>
      <when>2026-09-17T06:09:54Z</when>
      <when>2026-09-17T06:09:55Z</when>
      <when>2026-09-17T06:09:55Z</when>
      <when>2026-09-17T06:09:55Z</when>
      <when>2026-09-17T06:09:55Z</when>
      <when>2026-09-17T06:09:55Z</when>
      <when>2026-09-17T06:09:55Z</when>
      <when>2026-09-17T06:09:55Z</when>
      <when>2026-09-17T06:09:56Z</when>
      <when>2026-09-17T06:09:56Z</when>
      <when>2026-09-17T06:09:56Z</when>
      <when>2026-09-17T06:09:56Z</when>
      <when>2026-09-17T06:09:56Z</when>
      <when>2026-09-17T06:09:56Z</when>
      <gx:coord>-70.7098430 -47.8754075 1695.3</gx:coord>
      <gx:coord>-70.7103783 -47.8752890 1695.3</gx:coord>
      <gx:coord>-70.7107454 -47.8752077 1695.3</gx:coord>
      <gx:coord>-70.7113351 -47.8750772 1695.3</gx:coord>
      <gx:coord>-70.7120512 -47.8749186 1695.3</gx:coord>
      <gx:coord>-70.7126212 -47.8747924 1695.3</gx:coord>
      <gx:coord>-70.7133414 -47.8746329 1695.3</gx:coord>
      <gx:coord>-70.7139357 -47.8745013 1695.3</gx:coord>
      <gx:coord>-70.7146039 -47.8743534 1695.3</gx:coord>
      <gx:coord>-70.7152553 -47.8742091 1695.4</gx:coord>
      <gx:coord>-70.7160488 -47.8740334 1695.4</gx:coord>
      <gx:coord>-70.7167007 -47.8738890 1695.4</gx:coord>
      <gx:coord>-70.7173829 -47.8737379 1695.4</gx:coord>
      <gx:coord>-70.7181693 -47.8735638 1695.4</gx:coord>
      <gx:coord>-70.7189923 -47.8733815 1695.4</gx:coord>
      <gx:coord>-70.7196058 -47.8732456 1695.4</gx:coord>
      <gx:coord>-70.7205482 -47.8730368 1695.4</gx:coord>
      <gx:coord>-70.7213632 -47.8728563 1695.4</gx:coord>
      <gx:coord>-70.7221564 -47.8726806 1695.5</gx:coord>
      <gx:coord>-70.7228505 -47.8725269 1695.5</gx:coord>
      <gx:coord>-70.7238468 -47.8723061 1695.5</gx:coord>
      <gx:coord>-70.7246706 -47.8721236 1695.5</gx:coord>
      <gx:coord>-70.7254345 -47.8719544 1695.5</gx:coord>
      <gx:coord>-70.7261265 -47.8718011 1695.5</gx:coord>
      <gx:coord>-70.7272709 -47.8715475 1695.6</gx:coord>
      <gx:coord>-70.7281617 -47.8713501 1695.6</gx:coord>
      <gx:coord>-70.7289462 -47.8711763 1695.6</gx:coord>
      <gx:coord>-70.7299957 -47.8709437 1695.6</gx:coord>
      <gx:coord>-70.7308573 -47.8707528 1695.7</gx:coord>
      <gx:coord>-70.7317345 -47.8705583 1695.7</gx:coord>
      <gx:coord>-70.7325209 -47.8703841 1695.7</gx:coord>
      <gx:coord>-70.7336134 -47.8701419 1695.7</gx:coord>
      <gx:coord>-70.7345746 -47.8699289 1695.8</gx:coord>
      <gx:coord>-70.7355605 -47.8697103 1695.8</gx:coord>
      <gx:coord>-70.7364654 -47.8695097 1695.8</gx:coord>
      <gx:coord>-70.7377734 -47.8692198 1695.9</gx:coord>
      <gx:coord>-70.7387593 -47.8690012 1695.9</gx:coord>
      <gx:coord>-70.7394826 -47.8688408 1695.9</gx:coord>
      <gx:coord>-70.7406486 -47.8685823 1696.0</gx:coord>
      <gx:coord>-70.7416562 -47.8683589 1696.0</gx:coord>
      <gx:coord>-70.7426918 -47.8681293 1696.0</gx:coord>
      <gx:coord>-70.7438222 -47.8678786 1696.1</gx:coord>
      <gx:coord>-70.7446989 -47.8676842 1696.1</gx:coord>
      <gx:coord>-70.7457563 -47.8674497 1696.2</gx:coord>
      <gx:coord>-70.7468632 -47.8672042 1696.2</gx:coord>
      <gx:coord>-70.7480200 -47.8669477 1696.3</gx:coord>
      <gx:coord>-70.7490272 -47.8667242 1696.3</gx:coord>
      <gx:coord>-70.7501860 -47.8664672 1696.4</gx:coord>
      <gx:coord>-70.7513128 -47.8662173 1696.4</gx:coord>
      <gx:coord>-70.7521613 -47.8660290 1696.5</gx:coord>
      <gx:coord>-70.7533453 -47.8657664 1696.5</gx:coord>
      <gx:coord>-70.7544689 -47.8655171 1696.6</gx:coord>
      <gx:coord>-70.7557044 -47.8652430 1696.6</gx:coord>
      <gx:coord>-70.7566680 -47.8650291 1696.7</gx:coord>
      <gx:coord>-70.7580420 -47.8647243 1696.8</gx:coord>
      <gx:coord>-70.7591388 -47.8644809 1696.8</gx:coord>
      <gx:coord>-70.7602941 -47.8642245 1696.9</gx:coord>
      <gx:coord>-70.7614589 -47.8639660 1696.9</gx:coord>
      <gx:coord>-70.7625083 -47.8637331 1697.0</gx:coord>
      <gx:coord>-70.7636790 -47.8634732 1697.1</gx:coord>
      <gx:coord>-70.7648370 -47.8632162 1697.1</gx:coord>
      <gx:coord>-70.7661343 -47.8629282 1697.2</gx:coord>
      <gx:coord>-70.7671394 -47.8627051 1697.3</gx:coord>
      <gx:coord>-70.7684244 -47.8624198 1697.4</gx:coord>
      <gx:coord>-70.7696225 -47.8621538 1697.4</gx:coord>
      <gx:coord>-70.7709266 -47.8618642 1697.5</gx:coord>
      <gx:coord>-70.7722027 -47.8615809 1697.6</gx:coord>
      <gx:coord>-70.7731460 -47.8613714 1697.7</gx:coord>
      <gx:coord>-70.7743851 -47.8610962 1697.8</gx:coord>
      <gx:coord>-70.7756056 -47.8608252 1697.8</gx:coord>
      <gx:coord>-70.7769083 -47.8605359 1697.9</gx:coord>
      <gx:coord>-70.7780710 -47.8602776 1698.0</gx:coord>
      <gx:coord>-70.7794183 -47.8599784 1698.1</gx:coord>
      <gx:coord>-70.7807026 -47.8596931 1698.2</gx:coord>
      <gx:coord>-70.7817553 -47.8594592 1698.3</gx:coord>
      <gx:coord>-70.7830680 -47.8591676 1698.4</gx:coord>
      <gx:coord>-70.7844577 -47.8588588 1698.5</gx:coord>
      <gx:coord>-70.7857199 -47.8585784 1698.6</gx:coord>
      <gx:coord>-70.7868166 -47.8583347 1698.7</gx:coord>
      <gx:coord>-70.7881972 -47.8580279 1698.8</gx:coord>
      <gx:coord>-70.7894585 -47.8577476 1698.9</gx:coord>
      <gx:coord>-70.7907603 -47.8574583 1699.0</gx:coord>
      <gx:coord>-70.7919443 -47.8571951 1699.1</gx:coord>
      <gx:coord>-70.7931994 -47.8569161 1699.2</gx:coord>
      <gx:coord>-70.7944709 -47.8566335 1699.3</gx:coord>
      <gx:coord>-70.7957756 -47.8563435 1699.5</gx:coord>
      <gx:coord>-70.7971156 -47.8560456 1699.6</gx:coord>
      <gx:coord>-70.7981821 -47.8558085 1699.7</gx:coord>
      <gx:coord>-70.7995750 -47.8554988 1699.8</gx:coord>
      <gx:coord>-70.8010991 -47.8551599 1700.0</gx:coord>
      <gx:coord>-70.8024385 -47.8548621 1700.1</gx:coord>
      <gx:coord>-70.8035158 -47.8546225 1700.2</gx:coord>
      <gx:coord>-70.8048045 -47.8543359 1700.3</gx:coord>
      <gx:coord>-70.8061269 -47.8540418 1700.4</gx:coord>
      <gx:coord>-70.8074569 -47.8537460 1700.6</gx:coord>
      <gx:coord>-70.8087731 -47.8534532 1700.7</gx:coord>
      <gx:coord>-70.8100792 -47.8531627 1700.9</gx:coord>
      <gx:coord>-70.8115074 -47.8528449 1701.0</gx:coord>
      <gx:coord>-70.8129344 -47.8525275 1701.2</gx:coord>
      <gx:coord>-70.8143206 -47.8522190 1701.3</gx:coord>
      <gx:coord>-70.8154476 -47.8519683 1701.4</gx:coord>
      <gx:coord>-70.8166286 -47.8517055 1701.6</gx:coord>
      <gx:coord>-70.8183357 -47.8513256 1701.7</gx:coord>
      <gx:coord>-70.8194609 -47.8510752 1701.9</gx:coord>
      <gx:coord>-70.8208188 -47.8507730 1702.0</gx:coord>
      <gx:coord>-70.8221445 -47.8504779 1702.2</gx:coord>
      <gx:coord>-70.8235770 -47.8501590 1702.3</gx:coord>
      <gx:coord>-70.8250322 -47.8498351 1702.5</gx:coord>
      <gx:coord>-70.8261144 -47.8495942 1702.6</gx:coord>
      <gx:coord>-70.8275410 -47.8492766 1702.8</gx:coord>
      <gx:coord>-70.8288818 -47.8489780 1703.0</gx:coord>
      <gx:coord>-70.8307497 -47.8485621 1703.2</gx:coord>
      <gx:coord>-70.8314801 -47.8483995 1703.3</gx:coord>
      <gx:coord>-70.8328374 -47.8480972 1703.5</gx:coord>
      <gx:coord>-70.8345196 -47.8477226 1703.7</gx:coord>
      <gx:coord>-70.8358372 -47.8474291 1703.9</gx:coord>
      <gx:coord>-70.8368616 -47.8472010 1704.0</gx:coord>
      <gx:coord>-70.8384312 -47.8468514 1704.2</gx:coord>
      <gx:coord>-70.8399754 -47.8465074 1704.4</gx:coord>
      <gx:coord>-70.8412225 -47.8462295 1704.6</gx:coord>
      <gx:coord>-70.8424966 -47.8459457 1704.7</gx:coord>
      <gx:coord>-70.8440523 -47.8455990 1704.9</gx:coord>
      <gx:coord>-70.8456331 -47.8452468 1705.2</gx:coord>
      <gx:coord>-70.8464867 -47.8450566 1705.3</gx:coord>
      <gx:coord>-70.8483840 -47.8446338 1705.5</gx:coord>
      <gx:coord>-70.8497330 -47.8443331 1705.7</gx:coord>
      <gx:coord>-70.8510598 -47.8440374 1705.9</gx:coord>
      <gx:coord>-70.8518266 -47.8438665 1706.0</gx:coord>
      <gx:coord>-70.8537741 -47.8434324 1706.3</gx:coord>
      <gx:coord>-70.8549237 -47.8431761 1706.5</gx:coord>
      <gx:coord>-70.8565422 -47.8428153 1706.7</gx:coord>
      <gx:coord>-70.8577599 -47.8425438 1706.9</gx:coord>
      <gx:coord>-70.8593783 -47.8421829 1707.2</gx:coord>
      <gx:coord>-70.8605554 -47.8419205 1707.3</gx:coord>
      <gx:coord>-70.8621101 -47.8415738 1707.6</gx:coord>
      <gx:coord>-70.8633402 -47.8412994 1707.8</gx:coord>
      <gx:coord>-70.8648006 -47.8409737 1708.0</gx:coord>
      <gx:coord>-70.8662790 -47.8406440 1708.2</gx:coord>
      <gx:coord>-70.8678933 -47.8402839 1708.5</gx:coord>
      <gx:coord>-70.8690943 -47.8400160 1708.7</gx:coord>
      <gx:coord>-70.8704786 -47.8397072 1708.9</gx:coord>
      <gx:coord>-70.8717772 -47.8394174 1709.1</gx:coord>
      <gx:coord>-70.8732990 -47.8390779 1709.4</gx:coord>
      <gx:coord>-70.8749514 -47.8387092 1709.6</gx:coord>
      <gx:coord>-70.8762079 -47.8384288 1709.9</gx:coord>
      <gx:coord>-70.8774646 -47.8381484 1710.1</gx:coord>
      <gx:coord>-70.8789534 -47.8378161 1710.3</gx:coord>
      <gx:coord>-70.8805402 -47.8374619 1710.6</gx:coord>
      <gx:coord>-70.8818650 -47.8371662 1710.8</gx:coord>
      <gx:coord>-70.8834727 -47.8368073 1711.1</gx:coord>
      <gx:coord>-70.8846072 -47.8365541 1711.3</gx:coord>
      <gx:coord>-70.8863323 -47.8361690 1711.6</gx:coord>
      <gx:coord>-70.8875859 -47.8358891 1711.8</gx:coord>
      <gx:coord>-70.8889420 -47.8355863 1712.1</gx:coord>
      <gx:coord>-70.8898556 -47.8353823 1712.2</gx:coord>
      <gx:coord>-70.8916999 -47.8349704 1712.6</gx:coord>
      <gx:coord>-70.8933023 -47.8346125 1712.9</gx:coord>
      <gx:coord>-70.8947099 -47.8342982 1713.1</gx:coord>
      <gx:coord>-70.8959173 -47.8340285 1713.4</gx:coord>
      <gx:coord>-70.8976179 -47.8336486 1713.7</gx:coord>
      <gx:coord>-70.8993527 -47.8332611 1714.0</gx:coord>
      <gx:coord>-70.9006188 -47.8329782 1714.2</gx:coord>
      <gx:coord>-70.9013924 -47.8328054 1714.4</gx:coord>
      <gx:coord>-70.9032999 -47.8323792 1714.8</gx:coord>
      <gx:coord>-70.9045836 -47.8320923 1715.0</gx:coord>
      <gx:coord>-70.9059262 -47.8317923 1715.3</gx:coord>
      <gx:coord>-70.9077030 -47.8313952 1715.6</gx:coord>
      <gx:coord>-70.9089744 -47.8311111 1715.9</gx:coord>
      <gx:coord>-70.9103042 -47.8308139 1716.2</gx:coord>
      <gx:coord>-70.9119582 -47.8304442 1716.5</gx:coord>
      <gx:coord>-70.9133499 -47.8301330 1716.8</gx:coord>
      <gx:coord>-70.9147457 -47.8298210 1717.1</gx:coord>
      <gx:coord>-70.9163172 -47.8294697 1717.4</gx:coord>
      <gx:coord>-70.9175936 -47.8291843 1717.6</gx:coord>
      <gx:coord>-70.9190427 -47.8288603 1718.0</gx:coord>
      <gx:coord>-70.9205617 -47.8285206 1718.3</gx:coord>
      <gx:coord>-70.9218594 -47.8282304 1718.5</gx:coord>
      <gx:coord>-70.9232303 -47.8279237 1718.8</gx:coord>
      <gx:coord>-70.9244549 -47.8276499 1719.1</gx:coord>
      <gx:coord>-70.9262770 -47.8272423 1719.5</gx:coord>
      <gx:coord>-70.9276211 -47.8269416 1719.8</gx:coord>
      <gx:coord>-70.9289527 -47.8266437 1720.1</gx:coord>
      <gx:coord>-70.9306667 -47.8262603 1720.5</gx:coord>
      <gx:coord>-70.9320369 -47.8259537 1720.8</gx:coord>
      <gx:coord>-70.9334237 -47.8256434 1721.1</gx:coord>
      <gx:coord>-70.9347454 -47.8253476 1721.4</gx:coord>
      <gx:coord>-70.9364473 -47.8249668 1721.8</gx:coord>
      <gx:coord>-70.9376916 -47.8246883 1722.0</gx:coord>
      <gx:coord>-70.9392203 -47.8243462 1722.4</gx:coord>
      <gx:coord>-70.9405945 -47.8240386 1722.7</gx:coord>
      <gx:coord>-70.9425310 -47.8236051 1723.2</gx:coord>
      <gx:coord>-70.9441316 -47.8232468 1723.5</gx:coord>
      <gx:coord>-70.9455448 -47.8229304 1723.9</gx:coord>
      <gx:coord>-70.9467783 -47.8226542 1724.2</gx:coord>
      <gx:coord>-70.9485187 -47.8222645 1724.6</gx:coord>
      <gx:coord>-70.9495383 -47.8220362 1724.8</gx:coord>
      <gx:coord>-70.9512520 -47.8216524 1725.2</gx:coord>
      <gx:coord>-70.9525796 -47.8213551 1725.5</gx:coord>
      <gx:coord>-70.9538361 -47.8210737 1725.8</gx:coord>
      <gx:coord>-70.9554745 -47.8207067 1726.2</gx:coord>
      <gx:coord>-70.9563336 -47.8205142 1726.5</gx:coord>
      <gx:coord>-70.9586219 -47.8200016 1727.0</gx:coord>
      <gx:coord>-70.9596128 -47.8197796 1727.3</gx:coord>
      <gx:coord>-70.9613725 -47.8193853 1727.7</gx:coord>
      <gx:coord>-70.9627584 -47.8190748 1728.1</gx:coord>
      <gx:coord>-70.9643118 -47.8187267 1728.5</gx:coord>
      <gx:coord>-70.9653639 -47.8184910 1728.7</gx:coord>
      <gx:coord>-70.9671836 -47.8180831 1729.2</gx:coord>
      <gx:coord>-70.9682602 -47.8178418 1729.5</gx:coord>
      <gx:coord>-70.9701369 -47.8174212 1730.0</gx:coord>
      <gx:coord>-70.9713224 -47.8171555 1730.3</gx:coord>
      <gx:coord>-70.9729157 -47.8167983 1730.7</gx:coord>
      <gx:coord>-70.9745702 -47.8164273 1731.1</gx:coord>
      <gx:coord>-70.9755381 -47.8162104 1731.4</gx:coord>
      <gx:coord>-70.9770348 -47.8158748 1731.8</gx:coord>
      <gx:coord>-70.9786663 -47.8155089 1732.2</gx:coord>
      <gx:coord>-70.9793874 -47.8153472 1732.4</gx:coord>
      <gx:coord>-70.9814600 -47.8148824 1733.0</gx:coord>
      <gx:coord>-70.9826341 -47.8146191 1733.3</gx:coord>
      <gx:coord>-70.9839346 -47.8143274 1733.6</gx:coord>
      <gx:coord>-70.9857586 -47.8139182 1734.1</gx:coord>
      <gx:coord>-70.9872255 -47.8135892 1734.5</gx:coord>
      <gx:coord>-70.9886580 -47.8132678 1734.9</gx:coord>
      <gx:coord>-70.9899352 -47.8129813 1735.3</gx:coord>
      <gx:coord>-70.9913441 -47.8126652 1735.7</gx:coord>
      <gx:coord>-70.9922967 -47.8124514 1735.9</gx:coord>
      <gx:coord>-70.9943463 -47.8119915 1736.5</gx:coord>
      <gx:coord>-70.9958394 -47.8116564 1736.9</gx:coord>
      <gx:coord>-70.9976659 -47.8112465 1737.5</gx:coord>
      <gx:coord>-70.9991912 -47.8109041 1737.9</gx:coord>
      <gx:coord>-71.0011027 -47.8104750 1738.5</gx:coord>
      <gx:coord>-71.0017090 -47.8103389 1738.6</gx:coord>
      <gx:coord>-71.0037791 -47.8098742 1739.2</gx:coord>
      <gx:coord>-71.0050844 -47.8095811 1739.6</gx:coord>
      <gx:coord>-71.0066615 -47.8092270 1740.1</gx:coord>
      <gx:coord>-71.0082628 -47.8088675 1740.6</gx:coord>
      <gx:coord>-71.0097045 -47.8085437 1741.0</gx:coord>
      <gx:coord>-71.0110501 -47.8082415 1741.4</gx:coord>
      <gx:coord>-71.0133818 -47.8077178 1742.1</gx:coord>
      <gx:coord>-71.0137912 -47.8076259 1742.2</gx:coord>
      <gx:coord>-71.0150602 -47.8073408 1742.6</gx:coord>
      <gx:coord>-71.0168139 -47.8069468 1743.1</gx:coord>
      <gx:coord>-71.0184098 -47.8065883 1743.6</gx:coord>
      <gx:coord>-71.0197170 -47.8062946 1744.0</gx:coord>
      <gx:coord>-71.0213629 -47.8059248 1744.5</gx:coord>
      <gx:coord>-71.0224076 -47.8056901 1744.9</gx:coord>
      <gx:coord>-71.0239832 -47.8053360 1745.4</gx:coord>
      <gx:coord>-71.0254944 -47.8049964 1745.8</gx:coord>
      <gx:coord>-71.0273593 -47.8045772 1746.4</gx:coord>
      <gx:coord>-71.0287303 -47.8042691 1746.8</gx:coord>
      <gx:coord>-71.0301514 -47.8039497 1747.3</gx:coord>
      <gx:coord>-71.0316425 -47.8036144 1747.8</gx:coord>
      <gx:coord>-71.0330298 -47.8033026 1748.2</gx:coord>
      <gx:coord>-71.0341315 -47.8030549 1748.6</gx:coord>
      <gx:coord>-71.0353241 -47.8027867 1749.0</gx:coord>
      <gx:coord>-71.0367081 -47.8024755 1749.4</gx:coord>
      <gx:coord>-71.0383977 -47.8020956 1750.0</gx:coord>
      <gx:coord>-71.0394777 -47.8018527 1750.3</gx:coord>
      <gx:coord>-71.0412207 -47.8014607 1750.9</gx:coord>
      <gx:coord>-71.0426445 -47.8011405 1751.3</gx:coord>
      <gx:coord>-71.0441548 -47.8008008 1751.9</gx:coord>
      <gx:coord>-71.0460223 -47.8003807 1752.5</gx:coord>
      <gx:coord>-71.0471630 -47.8001241 1752.9</gx:coord>
      <gx:coord>-71.0492941 -47.7996446 1753.6</gx:coord>
      <gx:coord>-71.0514457 -47.7991605 1754.3</gx:coord>
      <gx:coord>-71.0523260 -47.7989624 1754.6</gx:coord>
      <gx:coord>-71.0538134 -47.7986277 1755.1</gx:coord>
      <gx:coord>-71.0554389 -47.7982619 1755.7</gx:coord>
      <gx:coord>-71.0565877 -47.7980033 1756.1</gx:coord>
      <gx:coord>-71.0586906 -47.7975300 1756.8</gx:coord>
      <gx:coord>-71.0596237 -47.7973199 1757.1</gx:coord>
      <gx:coord>-71.0611718 -47.7969714 1757.6</gx:coord>
      <gx:coord>-71.0634890 -47.7964498 1758.5</gx:coord>
      <gx:coord>-71.0641540 -47.7963000 1758.7</gx:coord>
      <gx:coord>-71.0656718 -47.7959583 1759.2</gx:coord>
      <gx:coord>-71.0668885 -47.7956843 1759.7</gx:coord>
      <gx:coord>-71.0683554 -47.7953540 1760.2</gx:coord>
      <gx:coord>-71.0701496 -47.7949499 1760.8</gx:coord>
      <gx:coord>-71.0715007 -47.7946456 1761.3</gx:coord>
      <gx:coord>-71.0732525 -47.7942511 1761.9</gx:coord>
      <gx:coord>-71.0744713 -47.7939765 1762.4</gx:coord>
      <gx:coord>-71.0757798 -47.7936818 1762.8</gx:coord>
      <gx:coord>-71.0776010 -47.7932715 1763.5</gx:coord>
      <gx:coord>-71.0790491 -47.7929452 1764.0</gx:coord>
      <gx:coord>-71.0807528 -47.7925613 1764.7</gx:coord>
      <gx:coord>-71.0821363 -47.7922496 1765.2</gx:coord>
      <gx:coord>-71.0834529 -47.7919529 1765.7</gx:coord>
      <gx:coord>-71.0850177 -47.7916002 1766.2</gx:coord>
      <gx:coord>-71.0866229 -47.7912385 1766.8</gx:coord>
      <gx:coord>-71.0876896 -47.7909980 1767.2</gx:coord>
      <gx:coord>-71.0892383 -47.7906489 1767.8</gx:coord>
      <gx:coord>-71.0903181 -47.7904055 1768.2</gx:coord>
      <gx:coord>-71.0921363 -47.7899956 1768.9</gx:coord>
      <gx:coord>-71.0933440 -47.7897233 1769.4</gx:coord>
      <gx:coord>-71.0950111 -47.7893475 1770.0</gx:coord>
      <gx:coord>-71.0963846 -47.7890377 1770.5</gx:coord>
      <gx:coord>-71.0977605 -47.7887275 1771.1</gx:coord>
      <gx:coord>-71.0995571 -47.7883223 1771.7</gx:coord>
      <gx:coord>-71.1009053 -47.7880182 1772.3</gx:coord>
      <gx:coord>-71.1021717 -47.7877326 1772.8</gx:coord>
      <gx:coord>-71.1047856 -47.7871430 1773.8</gx:coord>
      <gx:coord>-71.1057653 -47.7869220 1774.2</gx:coord>
      <gx:coord>-71.1077168 -47.7864817 1774.9</gx:coord>
      <gx:coord>-71.1090622 -47.7861781 1775.5</gx:coord>
      <gx:coord>-71.1108094 -47.7857839 1776.2</gx:coord>
      <gx:coord>-71.1123593 -47.7854342 1776.8</gx:coord>
      <gx:coord>-71.1135856 -47.7851574 1777.3</gx:coord>
      <gx:coord>-71.1150968 -47.7848164 1777.9</gx:coord>
      <gx:coord>-71.1162111 -47.7845649 1778.3</gx:coord>
      <gx:coord>-71.1182958 -47.7840943 1779.2</gx:coord>
      <gx:coord>-71.1195792 -47.7838046 1779.7</gx:coord>
      <gx:coord>-71.1207393 -47.7835427 1780.1</gx:coord>
      <gx:coord>-71.1223027 -47.7831898 1780.8</gx:coord>
      <gx:coord>-71.1238181 -47.7828476 1781.4</gx:coord>
      <gx:coord>-71.1252507 -47.7825241 1782.0</gx:coord>
      <gx:coord>-71.1269266 -47.7821457 1782.7</gx:coord>
      <gx:coord>-71.1280885 -47.7818833 1783.2</gx:coord>
      <gx:coord>-71.1296301 -47.7815352 1783.8</gx:coord>
      <gx:coord>-71.1314318 -47.7811282 1784.5</gx:coord>
      <gx:coord>-71.1327497 -47.7808306 1785.1</gx:coord>
      <gx:coord>-71.1342423 -47.7804934 1785.7</gx:coord>
      <gx:coord>-71.1356906 -47.7801662 1786.3</gx:coord>
      <gx:coord>-71.1370183 -47.7798663 1786.9</gx:coord>
      <gx:coord>-71.1385067 -47.7795300 1787.5</gx:coord>
      <gx:coord>-71.1401190 -47.7791657 1788.2</gx:coord>
      <gx:coord>-71.1415869 -47.7788340 1788.8</gx:coord>
      <gx:coord>-71.1430647 -47.7785000 1789.5</gx:coord>
      <gx:coord>-71.1446341 -47.7781453 1790.1</gx:coord>
      <gx:coord>-71.1459738 -47.7778425 1790.7</gx:coord>
      <gx:coord>-71.1474631 -47.7775059 1791.4</gx:coord>
      <gx:coord>-71.1487712 -47.7772102 1791.9</gx:coord>
      <gx:coord>-71.1500898 -47.7769121 1792.5</gx:coord>
      <gx:coord>-71.1515462 -47.7765829 1793.1</gx:coord>
      <gx:coord>-71.1530690 -47.7762386 1793.8</gx:coord>
      <gx:coord>-71.1546922 -47.7758716 1794.5</gx:coord>
      <gx:coord>-71.1562952 -47.7755091 1795.2</gx:coord>
      <gx:coord>-71.1576262 -47.7752081 1795.8</gx:coord>
      <gx:coord>-71.1590123 -47.7748946 1796.4</gx:coord>
      <gx:coord>-71.1608641 -47.7744758 1797.3</gx:coord>
      <gx:coord>-71.1620111 -47.7742164 1797.8</gx:coord>
      <gx:coord>-71.1634244 -47.7738967 1798.4</gx:coord>
      <gx:coord>-71.1650414 -47.7735309 1799.1</gx:coord>
      <gx:coord>-71.1667066 -47.7731542 1799.9</gx:coord>
      <gx:coord>-71.1680228 -47.7728564 1800.5</gx:coord>
      <gx:coord>-71.1692893 -47.7725698 1801.1</gx:coord>
      <gx:coord>-71.1707407 -47.7722414 1801.7</gx:coord>
      <gx:coord>-71.1722863 -47.7718916 1802.4</gx:coord>
      <gx:coord>-71.1741627 -47.7714668 1803.3</gx:coord>
      <gx:coord>-71.1753913 -47.7711883 1803.8</gx:coord>
      <gx:coord>-71.1769582 -47.7708327 1804.6</gx:coord>
      <gx:coord>-71.1781425 -47.7705631 1805.1</gx:coord>
      <gx:coord>-71.1798868 -47.7701644 1805.9</gx:coord>
      <gx:coord>-71.1810597 -47.7698947 1806.5</gx:coord>
      <gx:coord>-71.1827165 -47.7695107 1807.2</gx:coord>
      <gx:coord>-71.1840563 -47.7691970 1807.9</gx:coord>
      <gx:coord>-71.1858029 -47.7687823 1808.7</gx:coord>
      <gx:coord>-71.1869664 -47.7685015 1809.3</gx:coord>
      <gx:coord>-71.1884678 -47.7681330 1810.0</gx:coord>
      <gx:coord>-71.1901657 -47.7677060 1810.8</gx:coord>
      <gx:coord>-71.1915639 -47.7673450 1811.5</gx:coord>
      <gx:coord>-71.1931037 -47.7669356 1812.2</gx:coord>
      <gx:coord>-71.1940969 -47.7666641 1812.7</gx:coord>
      <gx:coord>-71.1959189 -47.7661491 1813.6</gx:coord>
      <gx:coord>-71.1969880 -47.7658351 1814.1</gx:coord>
      <gx:coord>-71.1984727 -47.7653831 1814.9</gx:coord>
      <gx:coord>-71.1998268 -47.7649522 1815.6</gx:coord>
      <gx:coord>-71.2013229 -47.7644534 1816.3</gx:coord>
      <gx:coord>-71.2026274 -47.7639965 1817.0</gx:coord>
      <gx:coord>-71.2043016 -47.7633765 1817.9</gx:coord>
      <gx:coord>-71.2055942 -47.7628687 1818.6</gx:coord>
      <gx:coord>-71.2066953 -47.7624140 1819.2</gx:coord>
      <gx:coord>-71.2080447 -47.7618254 1819.9</gx:coord>
      <gx:coord>-71.2091675 -47.7613063 1820.6</gx:coord>
      <gx:coord>-71.2103255 -47.7607409 1821.2</gx:coord>
      <gx:coord>-71.2117995 -47.7599699 1822.1</gx:coord>
      <gx:coord>-71.2130986 -47.7592362 1822.9</gx:coord>
      <gx:coord>-71.2143259 -47.7584876 1823.7</gx:coord>
      <gx:coord>-71.2151404 -47.7579574 1824.2</gx:coord>
      <gx:coord>-71.2163856 -47.7570977 1825.1</gx:coord>
      <gx:coord>-71.2173089 -47.7563994 1825.8</gx:coord>
      <gx:coord>-71.2182265 -47.7556520 1826.4</gx:coord>
      <gx:coord>-71.2192804 -47.7547164 1827.3</gx:coord>
      <gx:coord>-71.2202530 -47.7537600 1828.1</gx:coord>
      <gx:coord>-71.2209686 -47.7529841 1828.8</gx:coord>
      <gx:coord>-71.2216483 -47.7521777 1829.4</gx:coord>
      <gx:coord>-71.2223400 -47.7512672 1830.2</gx:coord>
      <gx:coord>-71.2230792 -47.7501614 1831.0</gx:coord>
      <gx:coord>-71.2236077 -47.7492439 1831.8</gx:coord>
      <gx:coord>-71.2241104 -47.7482326 1832.5</gx:coord>
      <gx:coord>-71.2245193 -47.7472490 1833.3</gx:coord>
      <gx:coord>-71.2248483 -47.7462717 1834.0</gx:coord>
      <gx:coord>-71.2251400 -47.7451356 1834.9</gx:coord>
      <gx:coord>-71.2253074 -47.7441807 1835.6</gx:coord>
      <gx:coord>-71.2254076 -47.7432335 1836.3</gx:coord>
      <gx:coord>-71.2254374 -47.7421085 1837.1</gx:coord>
      <gx:coord>-71.2253756 -47.7410128 1837.9</gx:coord>
      <gx:coord>-71.2252266 -47.7399295 1838.7</gx:coord>
      <gx:coord>-71.2250160 -47.7389595 1839.4</gx:coord>
      <gx:coord>-71.2247929 -47.7381772 1840.0</gx:coord>
      <gx:coord>-71.2243521 -47.7369573 1841.0</gx:coord>
      <gx:coord>-71.2239078 -47.7359737 1841.7</gx:coord>
      <gx:coord>-71.2233130 -47.7348718 1842.6</gx:coord>
      <gx:coord>-71.2227536 -47.7339837 1843.3</gx:coord>
      <gx:coord>-71.2220846 -47.7330484 1844.1</gx:coord>
      <gx:coord>-71.2211847 -47.7319461 1845.1</gx:coord>
      <gx:coord>-71.2205224 -47.7312205 1845.7</gx:coord>
      <gx:coord>-71.2197255 -47.7304209 1846.4</gx:coord>
      <gx:coord>-71.2185789 -47.7293874 1847.4</gx:coord>
      <gx:coord>-71.2176808 -47.7286551 1848.2</gx:coord>
      <gx:coord>-71.2167639 -47.7279612 1848.9</gx:coord>
      <gx:coord>-71.2157845 -47.7272758 1849.6</gx:coord>
      <gx:coord>-71.2147129 -47.7265825 1850.4</gx:coord>
      <gx:coord>-71.2136486 -47.7259427 1851.1</gx:coord>
      <gx:coord>-71.2120885 -47.7250817 1852.2</gx:coord>
      <gx:coord>-71.2108212 -47.7244431 1853.0</gx:coord>
      <gx:coord>-71.2095016 -47.7238258 1853.8</gx:coord>
      <gx:coord>-71.2084784 -47.7233788 1854.5</gx:coord>
      <gx:coord>-71.2068780 -47.7227259 1855.4</gx:coord>
      <gx:coord>-71.2057042 -47.7222807 1856.2</gx:coord>
      <gx:coord>-71.2042658 -47.7217696 1857.0</gx:coord>
      <gx:coord>-71.2029807 -47.7213419 1857.8</gx:coord>
      <gx:coord>-71.2016724 -47.7209321 1858.5</gx:coord>
      <gx:coord>-71.2002088 -47.7205012 1859.4</gx:coord>
      <gx:coord>-71.1984893 -47.7200299 1860.4</gx:coord>
      <gx:coord>-71.1969778 -47.7196422 1861.2</gx:coord>
      <gx:coord>-71.1958966 -47.7193789 1861.9</gx:coord>
      <gx:coord>-71.1942628 -47.7190003 1862.8</gx:coord>
      <gx:coord>-71.1926792 -47.7186542 1863.7</gx:coord>
      <gx:coord>-71.1913379 -47.7183753 1864.4</gx:coord>
      <gx:coord>-71.1900001 -47.7181085 1865.2</gx:coord>
      <gx:coord>-71.1884661 -47.7178149 1866.1</gx:coord>
      <gx:coord>-71.1868964 -47.7175264 1867.0</gx:coord>
      <gx:coord>-71.1853780 -47.7172577 1867.8</gx:coord>
      <gx:coord>-71.1837181 -47.7169737 1868.7</gx:coord>
      <gx:coord>-71.1821467 -47.7167127 1869.6</gx:coord>
      <gx:coord>-71.1805852 -47.7164596 1870.5</gx:coord>
      <gx:coord>-71.1792516 -47.7162475 1871.3</gx:coord>
      <gx:coord>-71.1776206 -47.7159921 1872.2</gx:coord>
      <gx:coord>-71.1760997 -47.7157570 1873.1</gx:coord>
      <gx:coord>-71.1744946 -47.7155114 1874.0</gx:coord>
      <gx:coord>-71.1733942 -47.7153440 1874.6</gx:coord>
      <gx:coord>-71.1716276 -47.7150765 1875.6</gx:coord>
      <gx:coord>-71.1699534 -47.7148237 1876.6</gx:coord>
      <gx:coord>-71.1687367 -47.7146403 1877.3</gx:coord>
      <gx:coord>-71.1670253 -47.7143824 1878.3</gx:coord>
      <gx:coord>-71.1655262 -47.7141565 1879.1</gx:coord>
      <gx:coord>-71.1645998 -47.7140169 1879.7</gx:coord>
      <gx:coord>-71.1624988 -47.7137000 1880.9</gx:coord>
      <gx:coord>-71.1609299 -47.7134630 1881.8</gx:coord>
      <gx:coord>-71.1594682 -47.7132414 1882.6</gx:coord>
      <gx:coord>-71.1582855 -47.7130612 1883.3</gx:coord>
      <gx:coord>-71.1565203 -47.7127905 1884.4</gx:coord>
      <gx:coord>-71.1551613 -47.7125800 1885.2</gx:coord>
      <gx:coord>-71.1537807 -47.7123636 1886.0</gx:coord>
      <gx:coord>-71.1521461 -47.7121031 1887.0</gx:coord>
      <gx:coord>-71.1505655 -47.7118459 1887.9</gx:coord>
      <gx:coord>-71.1490254 -47.7115890 1888.8</gx:coord>
      <gx:coord>-71.1476639 -47.7113557 1889.6</gx:coord>
      <gx:coord>-71.1461355 -47.7110857 1890.5</gx:coord>
      <gx:coord>-71.1444738 -47.7107809 1891.5</gx:coord>
      <gx:coord>-71.1428980 -47.7104792 1892.5</gx:coord>
      <gx:coord>-71.1417316 -47.7102469 1893.2</gx:coord>
      <gx:coord>-71.1403307 -47.7099569 1894.1</gx:coord>
      <gx:coord>-71.1386982 -47.7096014 1895.1</gx:coord>
      <gx:coord>-71.1371012 -47.7092330 1896.1</gx:coord>
      <gx:coord>-71.1356615 -47.7088811 1897.0</gx:coord>
      <gx:coord>-71.1339971 -47.7084483 1898.0</gx:coord>
      <gx:coord>-71.1325524 -47.7080478 1899.0</gx:coord>
      <gx:coord>-71.1312655 -47.7076689 1899.8</gx:coord>
      <gx:coord>-71.1301616 -47.7073261 1900.5</gx:coord>
      <gx:coord>-71.1284100 -47.7067452 1901.7</gx:coord>
      <gx:coord>-71.1272016 -47.7063147 1902.5</gx:coord>
      <gx:coord>-71.1259524 -47.7058412 1903.4</gx:coord>
      <gx:coord>-71.1250170 -47.7054664 1904.0</gx:coord>
      <gx:coord>-71.1233809 -47.7047651 1905.2</gx:coord>
      <gx:coord>-71.1217924 -47.7040194 1906.4</gx:coord>
      <gx:coord>-71.1205929 -47.7034079 1907.3</gx:coord>
      <gx:coord>-71.1194650 -47.7027896 1908.2</gx:coord>
      <gx:coord>-71.1183549 -47.7021353 1909.1</gx:coord>
      <gx:coord>-71.1171651 -47.7013757 1910.1</gx:coord>
      <gx:coord>-71.1164091 -47.7008578 1910.7</gx:coord>
      <gx:coord>-71.1152127 -47.6999735 1911.8</gx:coord>
      <gx:coord>-71.1140628 -47.6990330 1912.9</gx:coord>
      <gx:coord>-71.1130429 -47.6981076 1914.0</gx:coord>
      <gx:coord>-71.1123491 -47.6974190 1914.7</gx:coord>
      <gx:coord>-71.1115438 -47.6965426 1915.7</gx:coord>
      <gx:coord>-71.1108296 -47.6956848 1916.6</gx:coord>
      <gx:coord>-71.1101811 -47.6948187 1917.5</gx:coord>
      <gx:coord>-71.1094654 -47.6937416 1918.6</gx:coord>
      <gx:coord>-71.1089158 -47.6928000 1919.5</gx:coord>
      <gx:coord>-71.1083091 -47.6915856 1920.7</gx:coord>
      <gx:coord>-71.1079867 -47.6908329 1921.4</gx:coord>
      <gx:coord>-71.1076168 -47.6898238 1922.4</gx:coord>
      <gx:coord>-71.1072954 -47.6887457 1923.4</gx:coord>
      <gx:coord>-71.1070173 -47.6874975 1924.6</gx:coord>
      <gx:coord>-71.1068932 -47.6867144 1925.3</gx:coord>
      <gx:coord>-71.1067793 -47.6855559 1926.4</gx:coord>
      <gx:coord>-71.1067475 -47.6844243 1927.5</gx:coord>
      <gx:coord>-71.1067829 -47.6834223 1928.4</gx:coord>
      <gx:coord>-71.1068904 -47.6822826 1929.5</gx:coord>
      <gx:coord>-71.1069900 -47.6816139 1930.1</gx:coord>
      <gx:coord>-71.1072412 -47.6803994 1931.3</gx:coord>
      <gx:coord>-71.1075179 -47.6793879 1932.3</gx:coord>
      <gx:coord>-71.1078360 -47.6784295 1933.2</gx:coord>
      <gx:coord>-71.1082854 -47.6772718 1934.3</gx:coord>
      <gx:coord>-71.1087806 -47.6762156 1935.4</gx:coord>
      <gx:coord>-71.1092748 -47.6752860 1936.3</gx:coord>
      <gx:coord>-71.1098074 -47.6743903 1937.3</gx:coord>
      <gx:coord>-71.1102868 -47.6736529 1938.0</gx:coord>
      <gx:coord>-71.1111811 -47.6724096 1939.4</gx:coord>
      <gx:coord>-71.1117614 -47.6716786 1940.2</gx:coord>
      <gx:coord>-71.1125377 -47.6707740 1941.2</gx:coord>
      <gx:coord>-71.1132337 -47.6700221 1942.0</gx:coord>
      <gx:coord>-71.1144165 -47.6688473 1943.4</gx:coord>
      <gx:coord>-71.1151544 -47.6681723 1944.2</gx:coord>
      <gx:coord>-71.1163253 -47.6671778 1945.4</gx:coord>
      <gx:coord>-71.1171457 -47.6665292 1946.3</gx:coord>
      <gx:coord>-71.1181027 -47.6658164 1947.2</gx:coord>
      <gx:coord>-71.1191827 -47.6650610 1948.2</gx:coord>
      <gx:coord>-71.1202899 -47.6643375 1949.3</gx:coord>
      <gx:coord>-71.1214330 -47.6636387 1950.3</gx:coord>
      <gx:coord>-71.1229235 -47.6627909 1951.6</gx:coord>
      <gx:coord>-71.1237425 -47.6623539 1952.3</gx:coord>
      <gx:coord>-71.1254174 -47.6615165 1953.7</gx:coord>
      <gx:coord>-71.1262946 -47.6611066 1954.4</gx:coord>
      <gx:coord>-71.1277321 -47.6604716 1955.5</gx:coord>
      <gx:coord>-71.1289076 -47.6599869 1956.4</gx:coord>
      <gx:coord>-71.1306685 -47.6593121 1957.8</gx:coord>
      <gx:coord>-71.1316004 -47.6589791 1958.5</gx:coord>
      <gx:coord>-71.1332650 -47.6584212 1959.8</gx:coord>
      <gx:coord>-71.1346850 -47.6579809 1960.8</gx:coord>
      <gx:coord>-71.1364321 -47.6574820 1962.1</gx:coord>
      <gx:coord>-71.1376808 -47.6571531 1963.0</gx:coord>
      <gx:coord>-71.1390056 -47.6568305 1964.0</gx:coord>
      <gx:coord>-71.1412550 -47.6563316 1965.6</gx:coord>
      <gx:coord>-71.1419651 -47.6561898 1966.1</gx:coord>
      <gx:coord>-71.1432255 -47.6559537 1967.0</gx:coord>
      <gx:coord>-71.1450481 -47.6556406 1968.3</gx:coord>
      <gx:coord>-71.1466576 -47.6553996 1969.4</gx:coord>
      <gx:coord>-71.1480598 -47.6552120 1970.4</gx:coord>
      <gx:coord>-71.1493019 -47.6550637 1971.3</gx:coord>
      <gx:coord>-71.1511541 -47.6548750 1972.6</gx:coord>
      <gx:coord>-71.1518120 -47.6548159 1973.0</gx:coord>
      <gx:coord>-71.1540016 -47.6546496 1974.5</gx:coord>
      <gx:coord>-71.1555999 -47.6545554 1975.7</gx:coord>
      <gx:coord>-71.1572949 -47.6544839 1976.8</gx:coord>
      <gx:coord>-71.1587754 -47.6544420 1977.9</gx:coord>
      <gx:coord>-71.1601759 -47.6544216 1978.8</gx:coord>
      <gx:coord>-71.1616462 -47.6544193 1979.9</gx:coord>
      <gx:coord>-71.1634173 -47.6544409 1981.1</gx:coord>
      <gx:coord>-71.1646108 -47.6544702 1982.0</gx:coord>
      <gx:coord>-71.1663169 -47.6545323 1983.2</gx:coord>
      <gx:coord>-71.1678371 -47.6546072 1984.2</gx:coord>
      <gx:coord>-71.1694384 -47.6547056 1985.4</gx:coord>
      <gx:coord>-71.1708850 -47.6548118 1986.4</gx:coord>
      <gx:coord>-71.1722269 -47.6549240 1987.4</gx:coord>
      <gx:coord>-71.1742777 -47.6551217 1988.8</gx:coord>
      <gx:coord>-71.1756691 -47.6552730 1989.8</gx:coord>
      <gx:coord>-71.1768596 -47.6554136 1990.7</gx:coord>
      <gx:coord>-71.1784270 -47.6556134 1991.8</gx:coord>
      <gx:coord>-71.1801534 -47.6558531 1993.1</gx:coord>
      <gx:coord>-71.1815427 -47.6560608 1994.1</gx:coord>
      <gx:coord>-71.1832298 -47.6563300 1995.4</gx:coord>
      <gx:coord>-71.1845764 -47.6565580 1996.3</gx:coord>
      <gx:coord>-71.1865106 -47.6569028 1997.8</gx:coord>
      <gx:coord>-71.1876170 -47.6571120 1998.6</gx:coord>
      <gx:coord>-71.1892790 -47.6574407 1999.9</gx:coord>
      <gx:coord>-71.1909174 -47.6577792 2001.1</gx:coord>
      <gx:coord>-71.1935758 -47.6583619 2003.2</gx:coord>
      <gx:coord>-71.1947609 -47.6586353 2004.1</gx:coord>
      <gx:coord>-71.1961758 -47.6589719 2005.2</gx:coord>
      <gx:coord>-71.1979216 -47.6594016 2006.5</gx:coord>
      <gx:coord>-71.1990554 -47.6596894 2007.4</gx:coord>
      <gx:coord>-71.2006461 -47.6601041 2008.7</gx:coord>
      <gx:coord>-71.2021588 -47.6605101 2009.9</gx:coord>
      <gx:coord>-71.2035632 -47.6608969 2011.0</gx:coord>
      <gx:coord>-71.2049279 -47.6612815 2012.1</gx:coord>
      <gx:coord>-71.2064658 -47.6617251 2013.3</gx:coord>
      <gx:coord>-71.2074577 -47.6620167 2014.1</gx:coord>
      <gx:coord>-71.2088834 -47.6624416 2015.3</gx:coord>
      <gx:coord>-71.2104631 -47.6629240 2016.6</gx:coord>
      <gx:coord>-71.2118024 -47.6633408 2017.7</gx:coord>
      <gx:coord>-71.2132055 -47.6637850 2018.8</gx:coord>
      <gx:coord>-71.2145416 -47.6642148 2019.9</gx:coord>
      <gx:coord>-71.2158532 -47.6646430 2021.0</gx:coord>
      <gx:coord>-71.2172126 -47.6650930 2022.1</gx:coord>
      <gx:coord>-71.2188718 -47.6656506 2023.5</gx:coord>
      <gx:coord>-71.2202255 -47.6661119 2024.7</gx:coord>
      <gx:coord>-71.2215194 -47.6665580 2025.8</gx:coord>
      <gx:coord>-71.2231477 -47.6671257 2027.2</gx:coord>
      <gx:coord>-71.2241776 -47.6674888 2028.0</gx:coord>
      <gx:coord>-71.2255380 -47.6679727 2029.2</gx:coord>
      <gx:coord>-71.2268965 -47.6684604 2030.4</gx:coord>
      <gx:coord>-71.2285257 -47.6690510 2031.8</gx:coord>
      <gx:coord>-71.2295868 -47.6694388 2032.7</gx:coord>
      <gx:coord>-71.2312279 -47.6700431 2034.1</gx:coord>
      <gx:coord>-71.2325063 -47.6705175 2035.3</gx:coord>
      <gx:coord>-71.2338421 -47.6710163 2036.4</gx:coord>
      <gx:coord>-71.2353396 -47.6715791 2037.7</gx:coord>
      <gx:coord>-71.2363648 -47.6719664 2038.6</gx:coord>
      <gx:coord>-71.2377482 -47.6724913 2039.9</gx:coord>
      <gx:coord>-71.2393539 -47.6731039 2041.3</gx:coord>
      <gx:coord>-71.2404136 -47.6735099 2042.2</gx:coord>
      <gx:coord>-71.2420446 -47.6741373 2043.7</gx:coord>
      <gx:coord>-71.2433183 -47.6746292 2044.8</gx:coord>
      <gx:coord>-71.2443798 -47.6750402 2045.8</gx:coord>
      <gx:coord>-71.2459777 -47.6756607 2047.2</gx:coord>
      <gx:coord>-71.2474652 -47.6762400 2048.6</gx:coord>
      <gx:coord>-71.2487719 -47.6767502 2049.7</gx:coord>
      <gx:coord>-71.2500613 -47.6772545 2050.9</gx:coord>
      <gx:coord>-71.2509548 -47.6776045 2051.7</gx:coord>
      <gx:coord>-71.2525752 -47.6782400 2053.2</gx:coord>
      <gx:coord>-71.2540833 -47.6788324 2054.6</gx:coord>
      <gx:coord>-71.2550792 -47.6792239 2055.5</gx:coord>
      <gx:coord>-71.2565064 -47.6797855 2056.8</gx:coord>
      <gx:coord>-71.2579477 -47.6803531 2058.1</gx:coord>
      <gx:coord>-71.2592974 -47.6808849 2059.3</gx:coord>
      <gx:coord>-71.2607312 -47.6814501 2060.7</gx:coord>
      <gx:coord>-71.2618623 -47.6818961 2061.7</gx:coord>
      <gx:coord>-71.2631010 -47.6823845 2062.8</gx:coord>
      <gx:coord>-71.2648534 -47.6830757 2064.5</gx:coord>
      <gx:coord>-71.2660349 -47.6835417 2065.6</gx:coord>
      <gx:coord>-71.2673544 -47.6840621 2066.8</gx:coord>
      <gx:coord>-71.2686301 -47.6845652 2068.0</gx:coord>
      <gx:coord>-71.2698655 -47.6850525 2069.1</gx:coord>
      <gx:coord>-71.2719495 -47.6858743 2071.1</gx:coord>
      <gx:coord>-71.2728125 -47.6862146 2071.9</gx:coord>
      <gx:coord>-71.2738677 -47.6866306 2072.8</gx:coord>
      <gx:coord>-71.2752815 -47.6871879 2074.2</gx:coord>
      <gx:coord>-71.2768303 -47.6877983 2075.6</gx:coord>
      <gx:coord>-71.2779172 -47.6882265 2076.6</gx:coord>
      <gx:coord>-71.2793224 -47.6887798 2078.0</gx:coord>
      <gx:coord>-71.2807454 -47.6893397 2079.3</gx:coord>
      <gx:coord>-71.2821294 -47.6898839 2080.6</gx:coord>
      <gx:coord>-71.2835571 -47.6904448 2082.0</gx:coord>
      <gx:coord>-71.2849532 -47.6909925 2083.3</gx:coord>
      <gx:coord>-71.2861834 -47.6914745 2084.5</gx:coord>
      <gx:coord>-71.2874903 -47.6919858 2085.7</gx:coord>
      <gx:coord>-71.2885644 -47.6924053 2086.7</gx:coord>
      <gx:coord>-71.2902627 -47.6930673 2088.3</gx:coord>
      <gx:coord>-71.2914697 -47.6935366 2089.5</gx:coord>
      <gx:coord>-71.2926568 -47.6939971 2090.6</gx:coord>
      <gx:coord>-71.2942594 -47.6946169 2092.1</gx:coord>
      <gx:coord>-71.2953924 -47.6950536 2093.2</gx:coord>
      <gx:coord>-71.2969208 -47.6956405 2094.7</gx:coord>
      <gx:coord>-71.2981592 -47.6961142 2095.9</gx:coord>
      <gx:coord>-71.2994368 -47.6966008 2097.1</gx:coord>
      <gx:coord>-71.3010181 -47.6972001 2098.6</gx:coord>
      <gx:coord>-71.3022661 -47.6976706 2099.8</gx:coord>
      <gx:coord>-71.3034411 -47.6981112 2100.9</gx:coord>
      <gx:coord>-71.3048174 -47.6986244 2102.2</gx:coord>
      <gx:coord>-71.3064267 -47.6992202 2103.8</gx:coord>
      <gx:coord>-71.3075370 -47.6996283 2104.9</gx:coord>
      <gx:coord>-71.3087279 -47.7000632 2106.0</gx:coord>
      <gx:coord>-71.3105299 -47.7007156 2107.7</gx:coord>
      <gx:coord>-71.3117564 -47.7011555 2108.9</gx:coord>
      <gx:coord>-71.3129989 -47.7015970 2110.1</gx:coord>
      <gx:coord>-71.3142449 -47.7020359 2111.3</gx:coord>
      <gx:coord>-71.3160569 -47.7026667 2113.0</gx:coord>
      <gx:coord>-71.3172491 -47.7030767 2114.1</gx:coord>
      <gx:coord>-71.3183993 -47.7034681 2115.2</gx:coord>
      <gx:coord>-71.3196936 -47.7039036 2116.5</gx:coord>
      <gx:coord>-71.3214358 -47.7044813 2118.1</gx:coord>
      <gx:coord>-71.3229670 -47.7049803 2119.6</gx:coord>
      <gx:coord>-71.3244038 -47.7054410 2121.0</gx:coord>
      <gx:coord>-71.3256203 -47.7058252 2122.1</gx:coord>
      <gx:coord>-71.3270654 -47.7062741 2123.5</gx:coord>
      <gx:coord>-71.3281408 -47.7066029 2124.5</gx:coord>
      <gx:coord>-71.3296685 -47.7070621 2125.9</gx:coord>
      <gx:coord>-71.3312751 -47.7075348 2127.5</gx:coord>
      <gx:coord>-71.3324034 -47.7078595 2128.5</gx:coord>
      <gx:coord>-71.3340250 -47.7083164 2130.0</gx:coord>
      <gx:coord>-71.3354202 -47.7086996 2131.4</gx:coord>
      <gx:coord>-71.3366903 -47.7090420 2132.5</gx:coord>
      <gx:coord>-71.3384830 -47.7095097 2134.2</gx:coord>
      <gx:coord>-71.3397500 -47.7098306 2135.4</gx:coord>
      <gx:coord>-71.3409423 -47.7101249 2136.5</gx:coord>
      <gx:coord>-71.3430168 -47.7106196 2138.4</gx:coord>
      <gx:coord>-71.3442906 -47.7109119 2139.6</gx:coord>
      <gx:coord>-71.3459410 -47.7112771 2141.1</gx:coord>
      <gx:coord>-71.3471796 -47.7115410 2142.3</gx:coord>
      <gx:coord>-71.3486600 -47.7118451 2143.6</gx:coord>
      <gx:coord>-71.3503857 -47.7121830 2145.2</gx:coord>
      <gx:coord>-71.3514773 -47.7123873 2146.2</gx:coord>
      <gx:coord>-71.3531965 -47.7126945 2147.8</gx:coord>
      <gx:coord>-71.3544603 -47.7129084 2149.0</gx:coord>
      <gx:coord>-71.3564385 -47.7132237 2150.8</gx:coord>
      <gx:coord>-71.3572832 -47.7133503 2151.5</gx:coord>
      <gx:coord>-71.3593462 -47.7136397 2153.4</gx:coord>
      <gx:coord>-71.3605994 -47.7138012 2154.5</gx:coord>
      <gx:coord>-71.3618806 -47.7139554 2155.7</gx:coord>
      <gx:coord>-71.3638043 -47.7141657 2157.4</gx:coord>
      <gx:coord>-71.3655483 -47.7143330 2159.0</gx:coord>
      <gx:coord>-71.3671685 -47.7144704 2160.5</gx:coord>
      <gx:coord>-71.3685711 -47.7145726 2161.7</gx:coord>
      <gx:coord>-71.3701003 -47.7146666 2163.1</gx:coord>
      <gx:coord>-71.3712088 -47.7147236 2164.1</gx:coord>
      <gx:coord>-71.3729706 -47.7147944 2165.7</gx:coord>
      <gx:coord>-71.3745204 -47.7148365 2167.1</gx:coord>
      <gx:coord>-71.3760938 -47.7148587 2168.5</gx:coord>
      <gx:coord>-71.3775381 -47.7148620 2169.9</gx:coord>
      <gx:coord>-71.3791057 -47.7148444 2171.3</gx:coord>
      <gx:coord>-71.3810167 -47.7147973 2173.0</gx:coord>
      <gx:coord>-71.3823557 -47.7147430 2174.2</gx:coord>
      <gx:coord>-71.3836363 -47.7146752 2175.4</gx:coord>
      <gx:coord>-71.3853271 -47.7145631 2176.9</gx:coord>
      <gx:coord>-71.3870306 -47.7144223 2178.5</gx:coord>
      <gx:coord>-71.3883199 -47.7142963 2179.7</gx:coord>
      <gx:coord>-71.3902431 -47.7140768 2181.5</gx:coord>
      <gx:coord>-71.3914197 -47.7139214 2182.6</gx:coord>
      <gx:coord>-71.3926431 -47.7137425 2183.7</gx:coord>
      <gx:coord>-71.3946607 -47.7134063 2185.7</gx:coord>
      <gx:coord>-71.3959221 -47.7131671 2186.9</gx:coord>
      <gx:coord>-71.3977421 -47.7127784 2188.6</gx:coord>
      <gx:coord>-71.3991060 -47.7124493 2190.0</gx:coord>
      <gx:coord>-71.4004359 -47.7120946 2191.3</gx:coord>
      <gx:coord>-71.4018052 -47.7116905 2192.7</gx:coord>
      <gx:coord>-71.4030900 -47.7112715 2194.0</gx:coord>
      <gx:coord>-71.4045395 -47.7107483 2195.5</gx:coord>
      <gx:coord>-71.4058479 -47.7102251 2196.9</gx:coord>
      <gx:coord>-71.4070859 -47.7096788 2198.3</gx:coord>
      <gx:coord>-71.4086287 -47.7089225 2200.1</gx:coord>
      <gx:coord>-71.4100387 -47.7081385 2201.8</gx:coord>
      <gx:coord>-71.4105655 -47.7078190 2202.5</gx:coord>
      <gx:coord>-71.4121384 -47.7067778 2204.5</gx:coord>
      <gx:coord>-71.4128483 -47.7062523 2205.5</gx:coord>
      <gx:coord>-71.4139841 -47.7053272 2207.2</gx:coord>
      <gx:coord>-71.4146913 -47.7046943 2208.3</gx:coord>
      <gx:coord>-71.4157488 -47.7036301 2210.1</gx:coord>
      <gx:coord>-71.4166789 -47.7025476 2211.8</gx:coord>
      <gx:coord>-71.4172965 -47.7017289 2213.1</gx:coord>
      <gx:coord>-71.4180074 -47.7006584 2214.8</gx:coord>
      <gx:coord>-71.4184757 -47.6998512 2216.0</gx:coord>
      <gx:coord>-71.4190295 -47.6987568 2217.6</gx:coord>
      <gx:coord>-71.4193468 -47.6980026 2218.7</gx:coord>
      <gx:coord>-71.4197107 -47.6969757 2220.2</gx:coord>
      <gx:coord>-71.4200734 -47.6956531 2222.1</gx:coord>
      <gx:coord>-71.4202298 -47.6948932 2223.2</gx:coord>
      <gx:coord>-71.4203830 -47.6938810 2224.6</gx:coord>
      <gx:coord>-71.4204808 -47.6928329 2226.1</gx:coord>
      <gx:coord>-71.4205167 -47.6915004 2228.0</gx:coord>
      <gx:coord>-71.4204994 -47.6908026 2229.0</gx:coord>
      <gx:coord>-71.4204119 -47.6895190 2230.8</gx:coord>
      <gx:coord>-71.4202936 -47.6885670 2232.2</gx:coord>
      <gx:coord>-71.4201226 -47.6875153 2233.7</gx:coord>
      <gx:coord>-71.4199528 -47.6866778 2234.9</gx:coord>
      <gx:coord>-71.4196838 -47.6855475 2236.5</gx:coord>
      <gx:coord>-71.4193901 -47.6844768 2238.1</gx:coord>
      <gx:coord>-71.4190183 -47.6832708 2239.8</gx:coord>
      <gx:coord>-71.4186727 -47.6822440 2241.3</gx:coord>
      <gx:coord>-71.4184016 -47.6814858 2242.4</gx:coord>
      <gx:coord>-71.4179208 -47.6802125 2244.3</gx:coord>
      <gx:coord>-71.4174930 -47.6791350 2245.9</gx:coord>
      <gx:coord>-71.4171982 -47.6784151 2247.0</gx:coord>
      <gx:coord>-71.4167556 -47.6773595 2248.6</gx:coord>
      <gx:coord>-71.4162562 -47.6761953 2250.3</gx:coord>
      <gx:coord>-71.4158543 -47.6752731 2251.7</gx:coord>
      <gx:coord>-71.4154938 -47.6744535 2253.0</gx:coord>
      <gx:coord>-71.4150184 -47.6733800 2254.6</gx:coord>
      <gx:coord>-71.4144809 -47.6721719 2256.4</gx:coord>
      <gx:coord>-71.4141623 -47.6714571 2257.5</gx:coord>
      <gx:coord>-71.4136233 -47.6702484 2259.4</gx:coord>
      <gx:coord>-71.4131687 -47.6692290 2260.9</gx:coord>
      <gx:coord>-71.4127205 -47.6682235 2262.4</gx:coord>
      <gx:coord>-71.4123588 -47.6674108 2263.7</gx:coord>
      <gx:coord>-71.4118342 -47.6662283 2265.5</gx:coord>
      <gx:coord>-71.4113680 -47.6651699 2267.1</gx:coord>
      <gx:coord>-71.4110015 -47.6643296 2268.4</gx:coord>
      <gx:coord>-71.4105305 -47.6632345 2270.1</gx:coord>
      <gx:coord>-71.4101035 -47.6622210 2271.6</gx:coord>
      <gx:coord>-71.4097547 -47.6613732 2272.9</gx:coord>
      <gx:coord>-71.4092686 -47.6601503 2274.8</gx:coord>
      <gx:coord>-71.4089022 -47.6591843 2276.3</gx:coord>
      <gx:coord>-71.4085314 -47.6581542 2277.8</gx:coord>
      <gx:coord>-71.4082404 -47.6572964 2279.1</gx:coord>
      <gx:coord>-71.4078950 -47.6562030 2280.8</gx:coord>
      <gx:coord>-71.4075747 -47.6550709 2282.5</gx:coord>
      <gx:coord>-71.4073240 -47.6540636 2284.0</gx:coord>
      <gx:coord>-71.4071222 -47.6531215 2285.5</gx:coord>
      <gx:coord>-71.4069044 -47.6518864 2287.3</gx:coord>
      <gx:coord>-71.4067878 -47.6509986 2288.6</gx:coord>
      <gx:coord>-71.4067056 -47.6500464 2290.1</gx:coord>
      <gx:coord>-71.4066657 -47.6490486 2291.6</gx:coord>
      <gx:coord>-71.4066808 -47.6479266 2293.3</gx:coord>
      <gx:coord>-71.4067547 -47.6468875 2294.8</gx:coord>
      <gx:coord>-71.4068838 -47.6458889 2296.3</gx:coord>
      <gx:coord>-71.4071176 -47.6447014 2298.1</gx:coord>
      <gx:coord>-71.4074035 -47.6436407 2299.8</gx:coord>
      <gx:coord>-71.4076530 -47.6428887 2300.9</gx:coord>
      <gx:coord>-71.4080554 -47.6418762 2302.5</gx:coord>
      <gx:coord>-71.4085343 -47.6408699 2304.1</gx:coord>
      <gx:coord>-71.4091001 -47.6398608 2305.7</gx:coord>
      <gx:coord>-71.4098478 -47.6387246 2307.6</gx:coord>
      <gx:coord>-71.4104251 -47.6379585 2308.9</gx:coord>
      <gx:coord>-71.4111809 -47.6370624 2310.5</gx:coord>
      <gx:coord>-71.4118904 -47.6363079 2311.8</gx:coord>
      <gx:coord>-71.4128671 -47.6353737 2313.6</gx:coord>
      <gx:coord>-71.4136971 -47.6346626 2315.0</gx:coord>
      <gx:coord>-71.4148117 -47.6338013 2316.7</gx:coord>
      <gx:coord>-71.4160846 -47.6329262 2318.6</gx:coord>
      <gx:coord>-71.4173428 -47.6321529 2320.3</gx:coord>
      <gx:coord>-71.4184509 -47.6315384 2321.8</gx:coord>
      <gx:coord>-71.4198005 -47.6308613 2323.5</gx:coord>
      <gx:coord>-71.4207793 -47.6304140 2324.8</gx:coord>
      <gx:coord>-71.4223333 -47.6297670 2326.7</gx:coord>
      <gx:coord>-71.4234639 -47.6293399 2328.0</gx:coord>
      <gx:coord>-71.4249306 -47.6288362 2329.7</gx:coord>
      <gx:coord>-71.4262612 -47.6284230 2331.2</gx:coord>
      <gx:coord>-71.4279690 -47.6279456 2333.2</gx:coord>
      <gx:coord>-71.4292462 -47.6276249 2334.6</gx:coord>
      <gx:coord>-71.4305475 -47.6273267 2336.0</gx:coord>
      <gx:coord>-71.4317674 -47.6270706 2337.3</gx:coord>
      <gx:coord>-71.4339632 -47.6266577 2339.7</gx:coord>
      <gx:coord>-71.4347904 -47.6265171 2340.6</gx:coord>
      <gx:coord>-71.4366263 -47.6262339 2342.6</gx:coord>
      <gx:coord>-71.4380921 -47.6260303 2344.2</gx:coord>
      <gx:coord>-71.4398419 -47.6258103 2346.0</gx:coord>
      <gx:coord>-71.4417694 -47.6255937 2348.1</gx:coord>
      <gx:coord>-71.4432560 -47.6254416 2349.7</gx:coord>
      <gx:coord>-71.4440856 -47.6253621 2350.5</gx:coord>
      <gx:coord>-71.4459225 -47.6251954 2352.5</gx:coord>
      <gx:coord>-71.4475652 -47.6250564 2354.2</gx:coord>
      <gx:coord>-71.4491105 -47.6249323 2355.9</gx:coord>
      <gx:coord>-71.4508296 -47.6247997 2357.7</gx:coord>
      <gx:coord>-71.4521537 -47.6247004 2359.1</gx:coord>
      <gx:coord>-71.4536209 -47.6245923 2360.7</gx:coord>
      <gx:coord>-71.4553901 -47.6244635 2362.6</gx:coord>
      <gx:coord>-71.4567003 -47.6243687 2364.0</gx:coord>
      <gx:coord>-71.4580289 -47.6242727 2365.4</gx:coord>
      <gx:coord>-71.4596760 -47.6241538 2367.2</gx:coord>
      <gx:coord>-71.4614271 -47.6240272 2369.1</gx:coord>
      <gx:coord>-71.4630006 -47.6239130 2370.8</gx:coord>
      <gx:coord>-71.4645256 -47.6238015 2372.4</gx:coord>
      <gx:coord>-71.4660399 -47.6236891 2374.1</gx:coord>
      <gx:coord>-71.4676235 -47.6235688 2375.8</gx:coord>
      <gx:coord>-71.4686588 -47.6234881 2376.9</gx:coord>
      <gx:coord>-71.4704611 -47.6233423 2378.8</gx:coord>
      <gx:coord>-71.4719065 -47.6232190 2380.4</gx:coord>
      <gx:coord>-71.4733122 -47.6230921 2381.9</gx:coord>
      <gx:coord>-71.4752634 -47.6229023 2384.1</gx:coord>
      <gx:coord>-71.4765447 -47.6227664 2385.5</gx:coord>
      <gx:coord>-71.4781763 -47.6225789 2387.3</gx:coord>
      <gx:coord>-71.4798765 -47.6223624 2389.2</gx:coord>
      <gx:coord>-71.4811836 -47.6221794 2390.6</gx:coord>
      <gx:coord>-71.4825583 -47.6219695 2392.1</gx:coord>
      <gx:coord>-71.4840452 -47.6217196 2393.8</gx:coord>
      <gx:coord>-71.4855332 -47.6214430 2395.5</gx:coord>
      <gx:coord>-71.4869216 -47.6211582 2397.1</gx:coord>
      <gx:coord>-71.4884635 -47.6208092 2398.9</gx:coord>
      <gx:coord>-71.4907289 -47.6202280 2401.5</gx:coord>
      <gx:coord>-71.4916295 -47.6199674 2402.6</gx:coord>
      <gx:coord>-71.4929794 -47.6195437 2404.2</gx:coord>
      <gx:coord>-71.4938906 -47.6192340 2405.3</gx:coord>
      <gx:coord>-71.4956913 -47.6185631 2407.6</gx:coord>
      <gx:coord>-71.4969348 -47.6180424 2409.2</gx:coord>
      <gx:coord>-71.4983121 -47.6174051 2411.1</gx:coord>
      <gx:coord>-71.4991794 -47.6169672 2412.3</gx:coord>
      <gx:coord>-71.5006160 -47.6161745 2414.3</gx:coord>
      <gx:coord>-71.5021902 -47.6151839 2416.7</gx:coord>
      <gx:coord>-71.5032254 -47.6144617 2418.3</gx:coord>
      <gx:coord>-71.5045422 -47.6134157 2420.6</gx:coord>
      <gx:coord>-71.5052517 -47.6127844 2421.9</gx:coord>
      <gx:coord>-71.5063002 -47.6117522 2423.9</gx:coord>
      <gx:coord>-71.5069798 -47.6109994 2425.4</gx:coord>
      <gx:coord>-71.5078358 -47.6099331 2427.4</gx:coord>
      <gx:coord>-71.5085069 -47.6089691 2429.2</gx:coord>
      <gx:coord>-71.5089895 -47.6081828 2430.6</gx:coord>
      <gx:coord>-71.5096095 -47.6070084 2432.6</gx:coord>
      <gx:coord>-71.5099740 -47.6061879 2434.0</gx:coord>
      <gx:coord>-71.5104132 -47.6049802 2436.1</gx:coord>
      <gx:coord>-71.5106906 -47.6039857 2437.8</gx:coord>
      <gx:coord>-71.5109006 -47.6029616 2439.5</gx:coord>
      <gx:coord>-71.5110402 -47.6019454 2441.2</gx:coord>
      <gx:coord>-71.5111059 -47.6008035 2443.1</gx:coord>
      <gx:coord>-71.5110981 -47.5999725 2444.5</gx:coord>
      <gx:coord>-71.5110247 -47.5989632 2446.2</gx:coord>
      <gx:coord>-71.5108867 -47.5979861 2447.8</gx:coord>
      <gx:coord>-71.5106717 -47.5969576 2449.5</gx:coord>
      <gx:coord>-71.5103970 -47.5959688 2451.2</gx:coord>
      <gx:coord>-71.5099487 -47.5946940 2453.4</gx:coord>
      <gx:coord>-71.5096051 -47.5939026 2454.8</gx:coord>
      <gx:coord>-71.5090806 -47.5928608 2456.7</gx:coord>
      <gx:coord>-71.5083845 -47.5916754 2458.8</gx:coord>
      <gx:coord>-71.5078968 -47.5909421 2460.1</gx:coord>
      <gx:coord>-71.5071943 -47.5899901 2461.9</gx:coord>
      <gx:coord>-71.5064760 -47.5891131 2463.6</gx:coord>
      <gx:coord>-71.5056669 -47.5882161 2465.4</gx:coord>
      <gx:coord>-71.5046063 -47.5871561 2467.6</gx:coord>
      <gx:coord>-71.5036979 -47.5863326 2469.3</gx:coord>
      <gx:coord>-71.5030382 -47.5857754 2470.5</gx:coord>
      <gx:coord>-71.5017057 -47.5847392 2472.8</gx:coord>
      <gx:coord>-71.5009523 -47.5841988 2474.1</gx:coord>
      <gx:coord>-71.4997441 -47.5833910 2476.0</gx:coord>
      <gx:coord>-71.4986296 -47.5827028 2477.8</gx:coord>
      <gx:coord>-71.4974406 -47.5820244 2479.5</gx:coord>
      <gx:coord>-71.4962317 -47.5813853 2481.3</gx:coord>
      <gx:coord>-71.4951466 -47.5808501 2482.9</gx:coord>
      <gx:coord>-71.4935507 -47.5801253 2485.1</gx:coord>
      <gx:coord>-71.4922268 -47.5795749 2486.9</gx:coord>
      <gx:coord>-71.4911487 -47.5791571 2488.3</gx:coord>
      <gx:coord>-71.4896843 -47.5786317 2490.2</gx:coord>
      <gx:coord>-71.4881010 -47.5781132 2492.2</gx:coord>
      <gx:coord>-71.4867522 -47.5777084 2494.0</gx:coord>
      <gx:coord>-71.4854668 -47.5773544 2495.6</gx:coord>
      <gx:coord>-71.4840146 -47.5769885 2497.4</gx:coord>
      <gx:coord>-71.4825102 -47.5766451 2499.2</gx:coord>
      <gx:coord>-71.4810743 -47.5763496 2500.9</gx:coord>
      <gx:coord>-71.4796481 -47.5760852 2502.7</gx:coord>
      <gx:coord>-71.4780956 -47.5758288 2504.5</gx:coord>
      <gx:coord>-71.4763545 -47.5755795 2506.6</gx:coord>
      <gx:coord>-71.4747965 -47.5753893 2508.5</gx:coord>
      <gx:coord>-71.4735151 -47.5752542 2510.0</gx:coord>
      <gx:coord>-71.4715782 -47.5750856 2512.3</gx:coord>
      <gx:coord>-71.4704307 -47.5750062 2513.6</gx:coord>
      <gx:coord>-71.4690191 -47.5749274 2515.3</gx:coord>
      <gx:coord>-71.4673953 -47.5748628 2517.2</gx:coord>
      <gx:coord>-71.4660716 -47.5748300 2518.7</gx:coord>
      <gx:coord>-71.4642374 -47.5748124 2520.9</gx:coord>
      <gx:coord>-71.4625687 -47.5748248 2522.9</gx:coord>
      <gx:coord>-71.4611763 -47.5748552 2524.5</gx:coord>
      <gx:coord>-71.4594693 -47.5749159 2526.5</gx:coord>
      <gx:coord>-71.4581213 -47.5749817 2528.1</gx:coord>
      <gx:coord>-71.4564425 -47.5750843 2530.1</gx:coord>
      <gx:coord>-71.4550507 -47.5751868 2531.8</gx:coord>
      <gx:coord>-71.4530959 -47.5753566 2534.1</gx:coord>
      <gx:coord>-71.4516569 -47.5754998 2535.8</gx:coord>
      <gx:coord>-71.4500008 -47.5756838 2537.8</gx:coord>
      <gx:coord>-71.4491851 -47.5757814 2538.8</gx:coord>
      <gx:coord>-71.4468623 -47.5760847 2541.6</gx:coord>
      <gx:coord>-71.4457563 -47.5762423 2543.0</gx:coord>
      <gx:coord>-71.4444393 -47.5764379 2544.6</gx:coord>
      <gx:coord>-71.4435722 -47.5765742 2545.7</gx:coord>
      <gx:coord>-71.4420712 -47.5768208 2547.5</gx:coord>
      <gx:coord>-71.4405127 -47.5770908 2549.4</gx:coord>
      <gx:coord>-71.4391785 -47.5773333 2551.1</gx:coord>
      <gx:coord>-71.4377519 -47.5776032 2552.9</gx:coord>
      <gx:coord>-71.4363740 -47.5778742 2554.6</gx:coord>
      <gx:coord>-71.4347343 -47.5782090 2556.6</gx:coord>
      <gx:coord>-71.4333585 -47.5784999 2558.4</gx:coord>
      <gx:coord>-71.4317359 -47.5788543 2560.4</gx:coord>
      <gx:coord>-71.4301696 -47.5792072 2562.4</gx:coord>
      <gx:coord>-71.4286345 -47.5795629 2564.4</gx:coord>
      <gx:coord>-71.4268820 -47.5799789 2566.6</gx:coord>
      <gx:coord>-71.4253322 -47.5803561 2568.6</gx:coord>
      <gx:coord>-71.4242453 -47.5806262 2570.0</gx:coord>
      <gx:coord>-71.4230293 -47.5809329 2571.6</gx:coord>
      <gx:coord>-71.4213822 -47.5813554 2573.8</gx:coord>
      <gx:coord>-71.4199141 -47.5817383 2575.7</gx:coord>
      <gx:coord>-71.4185910 -47.5820882 2577.4</gx:coord>
      <gx:coord>-71.4173573 -47.5824184 2579.0</gx:coord>
      <gx:coord>-71.4157102 -47.5828642 2581.2</gx:coord>
      <gx:coord>-71.4142849 -47.5832547 2583.1</gx:coord>
      <gx:coord>-71.4127343 -47.5836837 2585.1</gx:coord>
      <gx:coord>-71.4115398 -47.5840170 2586.7</gx:coord>
      <gx:coord>-71.4102401 -47.5843822 2588.4</gx:coord>
      <gx:coord>-71.4086703 -47.5848263 2590.5</gx:coord>
      <gx:coord>-71.4074776 -47.5851657 2592.1</gx:coord>
      <gx:coord>-71.4059417 -47.5856050 2594.1</gx:coord>
      <gx:coord>-71.4046246 -47.5859835 2595.9</gx:coord>
      <gx:coord>-71.4030172 -47.5864474 2598.1</gx:coord>
      <gx:coord>-71.4014970 -47.5868877 2600.1</gx:coord>
      <gx:coord>-71.4002803 -47.5872411 2601.7</gx:coord>
      <gx:coord>-71.3988371 -47.5876612 2603.7</gx:coord>
      <gx:coord>-71.3975025 -47.5880503 2605.5</gx:coord>
      <gx:coord>-71.3959826 -47.5884941 2607.5</gx:coord>
      <gx:coord>-71.3946274 -47.5888903 2609.4</gx:coord>
      <gx:coord>-71.3930440 -47.5893536 2611.5</gx:coord>
      <gx:coord>-71.3917615 -47.5897290 2613.2</gx:coord>
      <gx:coord>-71.3900214 -47.5902386 2615.6</gx:coord>
      <gx:coord>-71.3885172 -47.5906791 2617.6</gx:coord>
      <gx:coord>-71.3871547 -47.5910782 2619.5</gx:coord>
      <gx:coord>-71.3861075 -47.5913848 2620.9</gx:coord>
      <gx:coord>-71.3845183 -47.5918502 2623.1</gx:coord>
      <gx:coord>-71.3832564 -47.5922197 2624.8</gx:coord>
      <gx:coord>-71.3820470 -47.5925738 2626.5</gx:coord>
      <gx:coord>-71.3801252 -47.5931363 2629.1</gx:coord>
      <gx:coord>-71.3789590 -47.5934774 2630.7</gx:coord>
      <gx:coord>-71.3775105 -47.5939009 2632.7</gx:coord>
      <gx:coord>-71.3762288 -47.5942752 2634.4</gx:coord>
      <gx:coord>-71.3744051 -47.5948071 2636.9</gx:coord>
      <gx:coord>-71.3733086 -47.5951263 2638.4</gx:coord>
      <gx:coord>-71.3715549 -47.5956357 2640.8</gx:coord>
      <gx:coord>-71.3701467 -47.5960436 2642.8</gx:coord>
      <gx:coord>-71.3687995 -47.5964326 2644.6</gx:coord>
      <gx:coord>-71.3676807 -47.5967547 2646.2</gx:coord>
      <gx:coord>-71.3661838 -47.5971840 2648.2</gx:coord>
      <gx:coord>-71.3647085 -47.5976048 2650.3</gx:coord>
      <gx:coord>-71.3631380 -47.5980500 2652.4</gx:coord>
      <gx:coord>-71.3618023 -47.5984261 2654.3</gx:coord>
      <gx:coord>-71.3602913 -47.5988485 2656.4</gx:coord>
      <gx:coord>-71.3589218 -47.5992281 2658.2</gx:coord>
      <gx:coord>-71.3574537 -47.5996313 2660.3</gx:coord>
      <gx:coord>-71.3560062 -47.6000248 2662.3</gx:coord>
      <gx:coord>-71.3544397 -47.6004456 2664.4</gx:coord>
      <gx:coord>-71.3534355 -47.6007123 2665.8</gx:coord>
      <gx:coord>-71.3516096 -47.6011909 2668.3</gx:coord>
      <gx:coord>-71.3503878 -47.6015062 2670.0</gx:coord>
      <gx:coord>-71.3489096 -47.6018816 2672.0</gx:coord>
      <gx:coord>-71.3474601 -47.6022431 2674.0</gx:coord>
      <gx:coord>-71.3459843 -47.6026040 2676.0</gx:coord>
      <gx:coord>-71.3442955 -47.6030076 2678.3</gx:coord>
      <gx:coord>-71.3427027 -47.6033789 2680.5</gx:coord>
      <gx:coord>-71.3416372 -47.6036212 2682.0</gx:coord>
      <gx:coord>-71.3401876 -47.6039434 2683.9</gx:coord>
      <gx:coord>-71.3387175 -47.6042608 2685.9</gx:coord>
      <gx:coord>-71.3373103 -47.6045553 2687.8</gx:coord>
      <gx:coord>-71.3356501 -47.6048908 2690.1</gx:coord>
      <gx:coord>-71.3341097 -47.6051892 2692.2</gx:coord>
      <gx:coord>-71.3327727 -47.6054385 2694.0</gx:coord>
      <gx:coord>-71.3312861 -47.6057039 2696.0</gx:coord>
      <gx:coord>-71.3299037 -47.6059403 2697.8</gx:coord>
      <gx:coord>-71.3282424 -47.6062084 2700.0</gx:coord>
      <gx:coord>-71.3263495 -47.6064955 2702.6</gx:coord>
      <gx:coord>-71.3248970 -47.6066984 2704.5</gx:coord>
      <gx:coord>-71.3233377 -47.6069011 2706.6</gx:coord>
      <gx:coord>-71.3224332 -47.6070108 2707.8</gx:coord>
      <gx:coord>-71.3203442 -47.6072427 2710.5</gx:coord>
      <gx:coord>-71.3190227 -47.6073730 2712.3</gx:coord>
      <gx:coord>-71.3173671 -47.6075180 2714.5</gx:coord>
      <gx:coord>-71.3160337 -47.6076193 2716.3</gx:coord>
      <gx:coord>-71.3144227 -47.6077227 2718.4</gx:coord>
      <gx:coord>-71.3128964 -47.6078012 2720.4</gx:coord>
      <gx:coord>-71.3113342 -47.6078612 2722.5</gx:coord>
      <gx:coord>-71.3099208 -47.6078968 2724.3</gx:coord>
      <gx:coord>-71.3084421 -47.6079150 2726.3</gx:coord>
      <gx:coord>-71.3068190 -47.6079136 2728.4</gx:coord>
      <gx:coord>-71.3055433 -47.6078950 2730.1</gx:coord>
      <gx:coord>-71.3036493 -47.6078369 2732.6</gx:coord>
      <gx:coord>-71.3024451 -47.6077809 2734.2</gx:coord>
      <gx:coord>-71.3008635 -47.6076847 2736.3</gx:coord>
      <gx:coord>-71.2990731 -47.6075430 2738.7</gx:coord>
      <gx:coord>-71.2974804 -47.6073865 2740.9</gx:coord>
      <gx:coord>-71.2958764 -47.6071990 2743.0</gx:coord>
      <gx:coord>-71.2943559 -47.6069928 2745.1</gx:coord>
      <gx:coord>-71.2929991 -47.6067847 2746.9</gx:coord>
      <gx:coord>-71.2914439 -47.6065148 2749.1</gx:coord>
      <gx:coord>-71.2899216 -47.6062187 2751.2</gx:coord>
      <gx:coord>-71.2884618 -47.6059031 2753.2</gx:coord>
      <gx:coord>-71.2867774 -47.6054986 2755.6</gx:coord>
      <gx:coord>-71.2856409 -47.6051993 2757.3</gx:coord>
      <gx:coord>-71.2840408 -47.6047413 2759.6</gx:coord>
      <gx:coord>-71.2828819 -47.6043808 2761.3</gx:coord>
      <gx:coord>-71.2817915 -47.6040178 2762.9</gx:coord>
      <gx:coord>-71.2800676 -47.6033980 2765.6</gx:coord>
      <gx:coord>-71.2785435 -47.6027927 2768.0</gx:coord>
      <gx:coord>-71.2774972 -47.6023447 2769.6</gx:coord>
      <gx:coord>-71.2762022 -47.6017508 2771.7</gx:coord>
      <gx:coord>-71.2748302 -47.6010702 2774.0</gx:coord>
      <gx:coord>-71.2737853 -47.6005120 2775.8</gx:coord>
      <gx:coord>-71.2724836 -47.5997641 2778.1</gx:coord>
      <gx:coord>-71.2713413 -47.5990534 2780.2</gx:coord>
      <gx:coord>-71.2702760 -47.5983390 2782.3</gx:coord>
      <gx:coord>-71.2692116 -47.5975719 2784.4</gx:coord>
      <gx:coord>-71.2681681 -47.5967532 2786.6</gx:coord>
      <gx:coord>-71.2670886 -47.5958326 2788.9</gx:coord>
      <gx:coord>-71.2661574 -47.5949613 2791.1</gx:coord>
      <gx:coord>-71.2655193 -47.5943171 2792.7</gx:coord>
      <gx:coord>-71.2646066 -47.5933132 2795.0</gx:coord>
      <gx:coord>-71.2637656 -47.5922809 2797.4</gx:coord>
      <gx:coord>-71.2630642 -47.5913201 2799.6</gx:coord>
      <gx:coord>-71.2626221 -47.5906530 2801.1</gx:coord>
      <gx:coord>-71.2620157 -47.5896348 2803.3</gx:coord>
      <gx:coord>-71.2615384 -47.5887259 2805.2</gx:coord>
      <gx:coord>-71.2609706 -47.5874471 2807.9</gx:coord>
      <gx:coord>-71.2606622 -47.5866132 2809.7</gx:coord>
      <gx:coord>-71.2603933 -47.5857560 2811.5</gx:coord>
      <gx:coord>-71.2600852 -47.5844861 2814.1</gx:coord>
      <gx:coord>-71.2599158 -47.5834308 2816.2</gx:coord>
      <gx:coord>-71.2598326 -47.5825768 2818.0</gx:coord>
      <gx:coord>-71.2597989 -47.5814206 2820.3</gx:coord>
      <gx:coord>-71.2598336 -47.5805175 2822.2</gx:coord>
      <gx:coord>-71.2599295 -47.5795642 2824.1</gx:coord>
      <gx:coord>-71.2601172 -47.5784617 2826.4</gx:coord>
      <gx:coord>-71.2603796 -47.5774070 2828.6</gx:coord>
      <gx:coord>-71.2607094 -47.5763807 2830.7</gx:coord>
      <gx:coord>-71.2610992 -47.5754035 2832.8</gx:coord>
      <gx:coord>-71.2615674 -47.5744185 2834.9</gx:coord>
      <gx:coord>-71.2622503 -47.5732188 2837.6</gx:coord>
      <gx:coord>-71.2627496 -47.5724527 2839.3</gx:coord>
      </gx:Track>
    </Placemark>
  </Folder>
</Document>
</kml>